-- Seed all US counties into jurisdictions table
-- Run this in Supabase SQL Editor

-- First, clear existing test data (optional - comment out if you want to keep existing)
-- DELETE FROM jurisdictions;

-- Insert all US counties
INSERT INTO jurisdictions (jurisdiction_code, state_code, county_name, display_name, status) VALUES
-- Alabama (67 counties)
('al-autauga', 'AL', 'Autauga', 'Autauga County, AL', 'coming_soon'),
('al-baldwin', 'AL', 'Baldwin', 'Baldwin County, AL', 'coming_soon'),
('al-barbour', 'AL', 'Barbour', 'Barbour County, AL', 'coming_soon'),
('al-bibb', 'AL', 'Bibb', 'Bibb County, AL', 'coming_soon'),
('al-blount', 'AL', 'Blount', 'Blount County, AL', 'coming_soon'),
('al-bullock', 'AL', 'Bullock', 'Bullock County, AL', 'coming_soon'),
('al-butler', 'AL', 'Butler', 'Butler County, AL', 'coming_soon'),
('al-calhoun', 'AL', 'Calhoun', 'Calhoun County, AL', 'coming_soon'),
('al-chambers', 'AL', 'Chambers', 'Chambers County, AL', 'coming_soon'),
('al-cherokee', 'AL', 'Cherokee', 'Cherokee County, AL', 'coming_soon'),
('al-chilton', 'AL', 'Chilton', 'Chilton County, AL', 'coming_soon'),
('al-choctaw', 'AL', 'Choctaw', 'Choctaw County, AL', 'coming_soon'),
('al-clarke', 'AL', 'Clarke', 'Clarke County, AL', 'coming_soon'),
('al-clay', 'AL', 'Clay', 'Clay County, AL', 'coming_soon'),
('al-cleburne', 'AL', 'Cleburne', 'Cleburne County, AL', 'coming_soon'),
('al-coffee', 'AL', 'Coffee', 'Coffee County, AL', 'coming_soon'),
('al-colbert', 'AL', 'Colbert', 'Colbert County, AL', 'coming_soon'),
('al-conecuh', 'AL', 'Conecuh', 'Conecuh County, AL', 'coming_soon'),
('al-coosa', 'AL', 'Coosa', 'Coosa County, AL', 'coming_soon'),
('al-covington', 'AL', 'Covington', 'Covington County, AL', 'coming_soon'),
('al-crenshaw', 'AL', 'Crenshaw', 'Crenshaw County, AL', 'coming_soon'),
('al-cullman', 'AL', 'Cullman', 'Cullman County, AL', 'coming_soon'),
('al-dale', 'AL', 'Dale', 'Dale County, AL', 'coming_soon'),
('al-dallas', 'AL', 'Dallas', 'Dallas County, AL', 'coming_soon'),
('al-dekalb', 'AL', 'DeKalb', 'DeKalb County, AL', 'coming_soon'),
('al-elmore', 'AL', 'Elmore', 'Elmore County, AL', 'coming_soon'),
('al-escambia', 'AL', 'Escambia', 'Escambia County, AL', 'coming_soon'),
('al-etowah', 'AL', 'Etowah', 'Etowah County, AL', 'coming_soon'),
('al-fayette', 'AL', 'Fayette', 'Fayette County, AL', 'coming_soon'),
('al-franklin', 'AL', 'Franklin', 'Franklin County, AL', 'coming_soon'),
('al-geneva', 'AL', 'Geneva', 'Geneva County, AL', 'coming_soon'),
('al-greene', 'AL', 'Greene', 'Greene County, AL', 'coming_soon'),
('al-hale', 'AL', 'Hale', 'Hale County, AL', 'coming_soon'),
('al-henry', 'AL', 'Henry', 'Henry County, AL', 'coming_soon'),
('al-houston', 'AL', 'Houston', 'Houston County, AL', 'coming_soon'),
('al-jackson', 'AL', 'Jackson', 'Jackson County, AL', 'coming_soon'),
('al-jefferson', 'AL', 'Jefferson', 'Jefferson County, AL', 'coming_soon'),
('al-lamar', 'AL', 'Lamar', 'Lamar County, AL', 'coming_soon'),
('al-lauderdale', 'AL', 'Lauderdale', 'Lauderdale County, AL', 'coming_soon'),
('al-lawrence', 'AL', 'Lawrence', 'Lawrence County, AL', 'coming_soon'),
('al-lee', 'AL', 'Lee', 'Lee County, AL', 'coming_soon'),
('al-limestone', 'AL', 'Limestone', 'Limestone County, AL', 'coming_soon'),
('al-lowndes', 'AL', 'Lowndes', 'Lowndes County, AL', 'coming_soon'),
('al-macon', 'AL', 'Macon', 'Macon County, AL', 'coming_soon'),
('al-madison', 'AL', 'Madison', 'Madison County, AL', 'coming_soon'),
('al-marengo', 'AL', 'Marengo', 'Marengo County, AL', 'coming_soon'),
('al-marion', 'AL', 'Marion', 'Marion County, AL', 'coming_soon'),
('al-marshall', 'AL', 'Marshall', 'Marshall County, AL', 'coming_soon'),
('al-mobile', 'AL', 'Mobile', 'Mobile County, AL', 'coming_soon'),
('al-monroe', 'AL', 'Monroe', 'Monroe County, AL', 'coming_soon'),
('al-montgomery', 'AL', 'Montgomery', 'Montgomery County, AL', 'coming_soon'),
('al-morgan', 'AL', 'Morgan', 'Morgan County, AL', 'coming_soon'),
('al-perry', 'AL', 'Perry', 'Perry County, AL', 'coming_soon'),
('al-pickens', 'AL', 'Pickens', 'Pickens County, AL', 'coming_soon'),
('al-pike', 'AL', 'Pike', 'Pike County, AL', 'coming_soon'),
('al-randolph', 'AL', 'Randolph', 'Randolph County, AL', 'coming_soon'),
('al-russell', 'AL', 'Russell', 'Russell County, AL', 'coming_soon'),
('al-shelby', 'AL', 'Shelby', 'Shelby County, AL', 'coming_soon'),
('al-st-clair', 'AL', 'St. Clair', 'St. Clair County, AL', 'coming_soon'),
('al-sumter', 'AL', 'Sumter', 'Sumter County, AL', 'coming_soon'),
('al-talladega', 'AL', 'Talladega', 'Talladega County, AL', 'coming_soon'),
('al-tallapoosa', 'AL', 'Tallapoosa', 'Tallapoosa County, AL', 'coming_soon'),
('al-tuscaloosa', 'AL', 'Tuscaloosa', 'Tuscaloosa County, AL', 'coming_soon'),
('al-walker', 'AL', 'Walker', 'Walker County, AL', 'coming_soon'),
('al-washington', 'AL', 'Washington', 'Washington County, AL', 'coming_soon'),
('al-wilcox', 'AL', 'Wilcox', 'Wilcox County, AL', 'coming_soon'),
('al-winston', 'AL', 'Winston', 'Winston County, AL', 'coming_soon'),

-- Alaska (30 boroughs/census areas)
('ak-aleutians-east', 'AK', 'Aleutians East', 'Aleutians East Borough, AK', 'coming_soon'),
('ak-aleutians-west', 'AK', 'Aleutians West', 'Aleutians West Census Area, AK', 'coming_soon'),
('ak-anchorage', 'AK', 'Anchorage', 'Anchorage Municipality, AK', 'coming_soon'),
('ak-bethel', 'AK', 'Bethel', 'Bethel Census Area, AK', 'coming_soon'),
('ak-bristol-bay', 'AK', 'Bristol Bay', 'Bristol Bay Borough, AK', 'coming_soon'),
('ak-chugach', 'AK', 'Chugach', 'Chugach Census Area, AK', 'coming_soon'),
('ak-copper-river', 'AK', 'Copper River', 'Copper River Census Area, AK', 'coming_soon'),
('ak-denali', 'AK', 'Denali', 'Denali Borough, AK', 'coming_soon'),
('ak-dillingham', 'AK', 'Dillingham', 'Dillingham Census Area, AK', 'coming_soon'),
('ak-fairbanks-north-star', 'AK', 'Fairbanks North Star', 'Fairbanks North Star Borough, AK', 'coming_soon'),
('ak-haines', 'AK', 'Haines', 'Haines Borough, AK', 'coming_soon'),
('ak-hoonah-angoon', 'AK', 'Hoonah-Angoon', 'Hoonah-Angoon Census Area, AK', 'coming_soon'),
('ak-juneau', 'AK', 'Juneau', 'Juneau City and Borough, AK', 'coming_soon'),
('ak-kenai-peninsula', 'AK', 'Kenai Peninsula', 'Kenai Peninsula Borough, AK', 'coming_soon'),
('ak-ketchikan-gateway', 'AK', 'Ketchikan Gateway', 'Ketchikan Gateway Borough, AK', 'coming_soon'),
('ak-kodiak-island', 'AK', 'Kodiak Island', 'Kodiak Island Borough, AK', 'coming_soon'),
('ak-kusilvak', 'AK', 'Kusilvak', 'Kusilvak Census Area, AK', 'coming_soon'),
('ak-lake-and-peninsula', 'AK', 'Lake and Peninsula', 'Lake and Peninsula Borough, AK', 'coming_soon'),
('ak-matanuska-susitna', 'AK', 'Matanuska-Susitna', 'Matanuska-Susitna Borough, AK', 'coming_soon'),
('ak-nome', 'AK', 'Nome', 'Nome Census Area, AK', 'coming_soon'),
('ak-north-slope', 'AK', 'North Slope', 'North Slope Borough, AK', 'coming_soon'),
('ak-northwest-arctic', 'AK', 'Northwest Arctic', 'Northwest Arctic Borough, AK', 'coming_soon'),
('ak-petersburg', 'AK', 'Petersburg', 'Petersburg Borough, AK', 'coming_soon'),
('ak-prince-of-wales-hyder', 'AK', 'Prince of Wales-Hyder', 'Prince of Wales-Hyder Census Area, AK', 'coming_soon'),
('ak-sitka', 'AK', 'Sitka', 'Sitka City and Borough, AK', 'coming_soon'),
('ak-skagway', 'AK', 'Skagway', 'Skagway Municipality, AK', 'coming_soon'),
('ak-southeast-fairbanks', 'AK', 'Southeast Fairbanks', 'Southeast Fairbanks Census Area, AK', 'coming_soon'),
('ak-wrangell', 'AK', 'Wrangell', 'Wrangell City and Borough, AK', 'coming_soon'),
('ak-yakutat', 'AK', 'Yakutat', 'Yakutat City and Borough, AK', 'coming_soon'),
('ak-yukon-koyukuk', 'AK', 'Yukon-Koyukuk', 'Yukon-Koyukuk Census Area, AK', 'coming_soon'),

-- Arizona (15 counties)
('az-apache', 'AZ', 'Apache', 'Apache County, AZ', 'coming_soon'),
('az-cochise', 'AZ', 'Cochise', 'Cochise County, AZ', 'coming_soon'),
('az-coconino', 'AZ', 'Coconino', 'Coconino County, AZ', 'coming_soon'),
('az-gila', 'AZ', 'Gila', 'Gila County, AZ', 'coming_soon'),
('az-graham', 'AZ', 'Graham', 'Graham County, AZ', 'coming_soon'),
('az-greenlee', 'AZ', 'Greenlee', 'Greenlee County, AZ', 'coming_soon'),
('az-la-paz', 'AZ', 'La Paz', 'La Paz County, AZ', 'coming_soon'),
('az-maricopa', 'AZ', 'Maricopa', 'Maricopa County, AZ', 'coming_soon'),
('az-mohave', 'AZ', 'Mohave', 'Mohave County, AZ', 'coming_soon'),
('az-navajo', 'AZ', 'Navajo', 'Navajo County, AZ', 'coming_soon'),
('az-pima', 'AZ', 'Pima', 'Pima County, AZ', 'coming_soon'),
('az-pinal', 'AZ', 'Pinal', 'Pinal County, AZ', 'coming_soon'),
('az-santa-cruz', 'AZ', 'Santa Cruz', 'Santa Cruz County, AZ', 'coming_soon'),
('az-yavapai', 'AZ', 'Yavapai', 'Yavapai County, AZ', 'coming_soon'),
('az-yuma', 'AZ', 'Yuma', 'Yuma County, AZ', 'coming_soon'),

-- Arkansas (75 counties)
('ar-arkansas', 'AR', 'Arkansas', 'Arkansas County, AR', 'coming_soon'),
('ar-ashley', 'AR', 'Ashley', 'Ashley County, AR', 'coming_soon'),
('ar-baxter', 'AR', 'Baxter', 'Baxter County, AR', 'coming_soon'),
('ar-benton', 'AR', 'Benton', 'Benton County, AR', 'coming_soon'),
('ar-boone', 'AR', 'Boone', 'Boone County, AR', 'coming_soon'),
('ar-bradley', 'AR', 'Bradley', 'Bradley County, AR', 'coming_soon'),
('ar-calhoun', 'AR', 'Calhoun', 'Calhoun County, AR', 'coming_soon'),
('ar-carroll', 'AR', 'Carroll', 'Carroll County, AR', 'coming_soon'),
('ar-chicot', 'AR', 'Chicot', 'Chicot County, AR', 'coming_soon'),
('ar-clark', 'AR', 'Clark', 'Clark County, AR', 'coming_soon'),
('ar-clay', 'AR', 'Clay', 'Clay County, AR', 'coming_soon'),
('ar-cleburne', 'AR', 'Cleburne', 'Cleburne County, AR', 'coming_soon'),
('ar-cleveland', 'AR', 'Cleveland', 'Cleveland County, AR', 'coming_soon'),
('ar-columbia', 'AR', 'Columbia', 'Columbia County, AR', 'coming_soon'),
('ar-conway', 'AR', 'Conway', 'Conway County, AR', 'coming_soon'),
('ar-craighead', 'AR', 'Craighead', 'Craighead County, AR', 'coming_soon'),
('ar-crawford', 'AR', 'Crawford', 'Crawford County, AR', 'coming_soon'),
('ar-crittenden', 'AR', 'Crittenden', 'Crittenden County, AR', 'coming_soon'),
('ar-cross', 'AR', 'Cross', 'Cross County, AR', 'coming_soon'),
('ar-dallas', 'AR', 'Dallas', 'Dallas County, AR', 'coming_soon'),
('ar-desha', 'AR', 'Desha', 'Desha County, AR', 'coming_soon'),
('ar-drew', 'AR', 'Drew', 'Drew County, AR', 'coming_soon'),
('ar-faulkner', 'AR', 'Faulkner', 'Faulkner County, AR', 'coming_soon'),
('ar-franklin', 'AR', 'Franklin', 'Franklin County, AR', 'coming_soon'),
('ar-fulton', 'AR', 'Fulton', 'Fulton County, AR', 'coming_soon'),
('ar-garland', 'AR', 'Garland', 'Garland County, AR', 'coming_soon'),
('ar-grant', 'AR', 'Grant', 'Grant County, AR', 'coming_soon'),
('ar-greene', 'AR', 'Greene', 'Greene County, AR', 'coming_soon'),
('ar-hempstead', 'AR', 'Hempstead', 'Hempstead County, AR', 'coming_soon'),
('ar-hot-spring', 'AR', 'Hot Spring', 'Hot Spring County, AR', 'coming_soon'),
('ar-howard', 'AR', 'Howard', 'Howard County, AR', 'coming_soon'),
('ar-independence', 'AR', 'Independence', 'Independence County, AR', 'coming_soon'),
('ar-izard', 'AR', 'Izard', 'Izard County, AR', 'coming_soon'),
('ar-jackson', 'AR', 'Jackson', 'Jackson County, AR', 'coming_soon'),
('ar-jefferson', 'AR', 'Jefferson', 'Jefferson County, AR', 'coming_soon'),
('ar-johnson', 'AR', 'Johnson', 'Johnson County, AR', 'coming_soon'),
('ar-lafayette', 'AR', 'Lafayette', 'Lafayette County, AR', 'coming_soon'),
('ar-lawrence', 'AR', 'Lawrence', 'Lawrence County, AR', 'coming_soon'),
('ar-lee', 'AR', 'Lee', 'Lee County, AR', 'coming_soon'),
('ar-lincoln', 'AR', 'Lincoln', 'Lincoln County, AR', 'coming_soon'),
('ar-little-river', 'AR', 'Little River', 'Little River County, AR', 'coming_soon'),
('ar-logan', 'AR', 'Logan', 'Logan County, AR', 'coming_soon'),
('ar-lonoke', 'AR', 'Lonoke', 'Lonoke County, AR', 'coming_soon'),
('ar-madison', 'AR', 'Madison', 'Madison County, AR', 'coming_soon'),
('ar-marion', 'AR', 'Marion', 'Marion County, AR', 'coming_soon'),
('ar-miller', 'AR', 'Miller', 'Miller County, AR', 'coming_soon'),
('ar-mississippi', 'AR', 'Mississippi', 'Mississippi County, AR', 'coming_soon'),
('ar-monroe', 'AR', 'Monroe', 'Monroe County, AR', 'coming_soon'),
('ar-montgomery', 'AR', 'Montgomery', 'Montgomery County, AR', 'coming_soon'),
('ar-nevada', 'AR', 'Nevada', 'Nevada County, AR', 'coming_soon'),
('ar-newton', 'AR', 'Newton', 'Newton County, AR', 'coming_soon'),
('ar-ouachita', 'AR', 'Ouachita', 'Ouachita County, AR', 'coming_soon'),
('ar-perry', 'AR', 'Perry', 'Perry County, AR', 'coming_soon'),
('ar-phillips', 'AR', 'Phillips', 'Phillips County, AR', 'coming_soon'),
('ar-pike', 'AR', 'Pike', 'Pike County, AR', 'coming_soon'),
('ar-poinsett', 'AR', 'Poinsett', 'Poinsett County, AR', 'coming_soon'),
('ar-polk', 'AR', 'Polk', 'Polk County, AR', 'coming_soon'),
('ar-pope', 'AR', 'Pope', 'Pope County, AR', 'coming_soon'),
('ar-prairie', 'AR', 'Prairie', 'Prairie County, AR', 'coming_soon'),
('ar-pulaski', 'AR', 'Pulaski', 'Pulaski County, AR', 'coming_soon'),
('ar-randolph', 'AR', 'Randolph', 'Randolph County, AR', 'coming_soon'),
('ar-saline', 'AR', 'Saline', 'Saline County, AR', 'coming_soon'),
('ar-scott', 'AR', 'Scott', 'Scott County, AR', 'coming_soon'),
('ar-searcy', 'AR', 'Searcy', 'Searcy County, AR', 'coming_soon'),
('ar-sebastian', 'AR', 'Sebastian', 'Sebastian County, AR', 'coming_soon'),
('ar-sevier', 'AR', 'Sevier', 'Sevier County, AR', 'coming_soon'),
('ar-sharp', 'AR', 'Sharp', 'Sharp County, AR', 'coming_soon'),
('ar-st-francis', 'AR', 'St. Francis', 'St. Francis County, AR', 'coming_soon'),
('ar-stone', 'AR', 'Stone', 'Stone County, AR', 'coming_soon'),
('ar-union', 'AR', 'Union', 'Union County, AR', 'coming_soon'),
('ar-van-buren', 'AR', 'Van Buren', 'Van Buren County, AR', 'coming_soon'),
('ar-washington', 'AR', 'Washington', 'Washington County, AR', 'coming_soon'),
('ar-white', 'AR', 'White', 'White County, AR', 'coming_soon'),
('ar-woodruff', 'AR', 'Woodruff', 'Woodruff County, AR', 'coming_soon'),
('ar-yell', 'AR', 'Yell', 'Yell County, AR', 'coming_soon'),

-- California (58 counties)
('ca-alameda', 'CA', 'Alameda', 'Alameda County, CA', 'coming_soon'),
('ca-alpine', 'CA', 'Alpine', 'Alpine County, CA', 'coming_soon'),
('ca-amador', 'CA', 'Amador', 'Amador County, CA', 'coming_soon'),
('ca-butte', 'CA', 'Butte', 'Butte County, CA', 'coming_soon'),
('ca-calaveras', 'CA', 'Calaveras', 'Calaveras County, CA', 'coming_soon'),
('ca-colusa', 'CA', 'Colusa', 'Colusa County, CA', 'coming_soon'),
('ca-contra-costa', 'CA', 'Contra Costa', 'Contra Costa County, CA', 'coming_soon'),
('ca-del-norte', 'CA', 'Del Norte', 'Del Norte County, CA', 'coming_soon'),
('ca-el-dorado', 'CA', 'El Dorado', 'El Dorado County, CA', 'coming_soon'),
('ca-fresno', 'CA', 'Fresno', 'Fresno County, CA', 'coming_soon'),
('ca-glenn', 'CA', 'Glenn', 'Glenn County, CA', 'coming_soon'),
('ca-humboldt', 'CA', 'Humboldt', 'Humboldt County, CA', 'coming_soon'),
('ca-imperial', 'CA', 'Imperial', 'Imperial County, CA', 'coming_soon'),
('ca-inyo', 'CA', 'Inyo', 'Inyo County, CA', 'coming_soon'),
('ca-kern', 'CA', 'Kern', 'Kern County, CA', 'coming_soon'),
('ca-kings', 'CA', 'Kings', 'Kings County, CA', 'coming_soon'),
('ca-lake', 'CA', 'Lake', 'Lake County, CA', 'coming_soon'),
('ca-lassen', 'CA', 'Lassen', 'Lassen County, CA', 'coming_soon'),
('ca-los-angeles', 'CA', 'Los Angeles', 'Los Angeles County, CA', 'coming_soon'),
('ca-madera', 'CA', 'Madera', 'Madera County, CA', 'coming_soon'),
('ca-marin', 'CA', 'Marin', 'Marin County, CA', 'coming_soon'),
('ca-mariposa', 'CA', 'Mariposa', 'Mariposa County, CA', 'coming_soon'),
('ca-mendocino', 'CA', 'Mendocino', 'Mendocino County, CA', 'coming_soon'),
('ca-merced', 'CA', 'Merced', 'Merced County, CA', 'coming_soon'),
('ca-modoc', 'CA', 'Modoc', 'Modoc County, CA', 'coming_soon'),
('ca-mono', 'CA', 'Mono', 'Mono County, CA', 'coming_soon'),
('ca-monterey', 'CA', 'Monterey', 'Monterey County, CA', 'coming_soon'),
('ca-napa', 'CA', 'Napa', 'Napa County, CA', 'coming_soon'),
('ca-nevada', 'CA', 'Nevada', 'Nevada County, CA', 'coming_soon'),
('ca-orange', 'CA', 'Orange', 'Orange County, CA', 'coming_soon'),
('ca-placer', 'CA', 'Placer', 'Placer County, CA', 'coming_soon'),
('ca-plumas', 'CA', 'Plumas', 'Plumas County, CA', 'coming_soon'),
('ca-riverside', 'CA', 'Riverside', 'Riverside County, CA', 'coming_soon'),
('ca-sacramento', 'CA', 'Sacramento', 'Sacramento County, CA', 'coming_soon'),
('ca-san-benito', 'CA', 'San Benito', 'San Benito County, CA', 'coming_soon'),
('ca-san-bernardino', 'CA', 'San Bernardino', 'San Bernardino County, CA', 'coming_soon'),
('ca-san-diego', 'CA', 'San Diego', 'San Diego County, CA', 'coming_soon'),
('ca-san-francisco', 'CA', 'San Francisco', 'San Francisco County, CA', 'coming_soon'),
('ca-san-joaquin', 'CA', 'San Joaquin', 'San Joaquin County, CA', 'coming_soon'),
('ca-san-luis-obispo', 'CA', 'San Luis Obispo', 'San Luis Obispo County, CA', 'coming_soon'),
('ca-san-mateo', 'CA', 'San Mateo', 'San Mateo County, CA', 'coming_soon'),
('ca-santa-barbara', 'CA', 'Santa Barbara', 'Santa Barbara County, CA', 'coming_soon'),
('ca-santa-clara', 'CA', 'Santa Clara', 'Santa Clara County, CA', 'coming_soon'),
('ca-santa-cruz', 'CA', 'Santa Cruz', 'Santa Cruz County, CA', 'coming_soon'),
('ca-shasta', 'CA', 'Shasta', 'Shasta County, CA', 'coming_soon'),
('ca-sierra', 'CA', 'Sierra', 'Sierra County, CA', 'coming_soon'),
('ca-siskiyou', 'CA', 'Siskiyou', 'Siskiyou County, CA', 'coming_soon'),
('ca-solano', 'CA', 'Solano', 'Solano County, CA', 'coming_soon'),
('ca-sonoma', 'CA', 'Sonoma', 'Sonoma County, CA', 'coming_soon'),
('ca-stanislaus', 'CA', 'Stanislaus', 'Stanislaus County, CA', 'coming_soon'),
('ca-sutter', 'CA', 'Sutter', 'Sutter County, CA', 'coming_soon'),
('ca-tehama', 'CA', 'Tehama', 'Tehama County, CA', 'coming_soon'),
('ca-trinity', 'CA', 'Trinity', 'Trinity County, CA', 'coming_soon'),
('ca-tulare', 'CA', 'Tulare', 'Tulare County, CA', 'coming_soon'),
('ca-tuolumne', 'CA', 'Tuolumne', 'Tuolumne County, CA', 'coming_soon'),
('ca-ventura', 'CA', 'Ventura', 'Ventura County, CA', 'coming_soon'),
('ca-yolo', 'CA', 'Yolo', 'Yolo County, CA', 'coming_soon'),
('ca-yuba', 'CA', 'Yuba', 'Yuba County, CA', 'coming_soon'),

-- Colorado (64 counties)
('co-adams', 'CO', 'Adams', 'Adams County, CO', 'coming_soon'),
('co-alamosa', 'CO', 'Alamosa', 'Alamosa County, CO', 'coming_soon'),
('co-arapahoe', 'CO', 'Arapahoe', 'Arapahoe County, CO', 'coming_soon'),
('co-archuleta', 'CO', 'Archuleta', 'Archuleta County, CO', 'coming_soon'),
('co-baca', 'CO', 'Baca', 'Baca County, CO', 'coming_soon'),
('co-bent', 'CO', 'Bent', 'Bent County, CO', 'coming_soon'),
('co-boulder', 'CO', 'Boulder', 'Boulder County, CO', 'coming_soon'),
('co-broomfield', 'CO', 'Broomfield', 'Broomfield County, CO', 'coming_soon'),
('co-chaffee', 'CO', 'Chaffee', 'Chaffee County, CO', 'coming_soon'),
('co-cheyenne', 'CO', 'Cheyenne', 'Cheyenne County, CO', 'coming_soon'),
('co-clear-creek', 'CO', 'Clear Creek', 'Clear Creek County, CO', 'coming_soon'),
('co-conejos', 'CO', 'Conejos', 'Conejos County, CO', 'coming_soon'),
('co-costilla', 'CO', 'Costilla', 'Costilla County, CO', 'coming_soon'),
('co-crowley', 'CO', 'Crowley', 'Crowley County, CO', 'coming_soon'),
('co-custer', 'CO', 'Custer', 'Custer County, CO', 'coming_soon'),
('co-delta', 'CO', 'Delta', 'Delta County, CO', 'coming_soon'),
('co-denver', 'CO', 'Denver', 'Denver County, CO', 'coming_soon'),
('co-dolores', 'CO', 'Dolores', 'Dolores County, CO', 'coming_soon'),
('co-douglas', 'CO', 'Douglas', 'Douglas County, CO', 'coming_soon'),
('co-eagle', 'CO', 'Eagle', 'Eagle County, CO', 'coming_soon'),
('co-el-paso', 'CO', 'El Paso', 'El Paso County, CO', 'coming_soon'),
('co-elbert', 'CO', 'Elbert', 'Elbert County, CO', 'coming_soon'),
('co-fremont', 'CO', 'Fremont', 'Fremont County, CO', 'coming_soon'),
('co-garfield', 'CO', 'Garfield', 'Garfield County, CO', 'coming_soon'),
('co-gilpin', 'CO', 'Gilpin', 'Gilpin County, CO', 'coming_soon'),
('co-grand', 'CO', 'Grand', 'Grand County, CO', 'coming_soon'),
('co-gunnison', 'CO', 'Gunnison', 'Gunnison County, CO', 'coming_soon'),
('co-hinsdale', 'CO', 'Hinsdale', 'Hinsdale County, CO', 'coming_soon'),
('co-huerfano', 'CO', 'Huerfano', 'Huerfano County, CO', 'coming_soon'),
('co-jackson', 'CO', 'Jackson', 'Jackson County, CO', 'coming_soon'),
('co-jefferson', 'CO', 'Jefferson', 'Jefferson County, CO', 'coming_soon'),
('co-kiowa', 'CO', 'Kiowa', 'Kiowa County, CO', 'coming_soon'),
('co-kit-carson', 'CO', 'Kit Carson', 'Kit Carson County, CO', 'coming_soon'),
('co-la-plata', 'CO', 'La Plata', 'La Plata County, CO', 'coming_soon'),
('co-lake', 'CO', 'Lake', 'Lake County, CO', 'coming_soon'),
('co-larimer', 'CO', 'Larimer', 'Larimer County, CO', 'coming_soon'),
('co-las-animas', 'CO', 'Las Animas', 'Las Animas County, CO', 'coming_soon'),
('co-lincoln', 'CO', 'Lincoln', 'Lincoln County, CO', 'coming_soon'),
('co-logan', 'CO', 'Logan', 'Logan County, CO', 'coming_soon'),
('co-mesa', 'CO', 'Mesa', 'Mesa County, CO', 'coming_soon'),
('co-mineral', 'CO', 'Mineral', 'Mineral County, CO', 'coming_soon'),
('co-moffat', 'CO', 'Moffat', 'Moffat County, CO', 'coming_soon'),
('co-montezuma', 'CO', 'Montezuma', 'Montezuma County, CO', 'coming_soon'),
('co-montrose', 'CO', 'Montrose', 'Montrose County, CO', 'coming_soon'),
('co-morgan', 'CO', 'Morgan', 'Morgan County, CO', 'coming_soon'),
('co-otero', 'CO', 'Otero', 'Otero County, CO', 'coming_soon'),
('co-ouray', 'CO', 'Ouray', 'Ouray County, CO', 'coming_soon'),
('co-park', 'CO', 'Park', 'Park County, CO', 'coming_soon'),
('co-phillips', 'CO', 'Phillips', 'Phillips County, CO', 'coming_soon'),
('co-pitkin', 'CO', 'Pitkin', 'Pitkin County, CO', 'coming_soon'),
('co-prowers', 'CO', 'Prowers', 'Prowers County, CO', 'coming_soon'),
('co-pueblo', 'CO', 'Pueblo', 'Pueblo County, CO', 'coming_soon'),
('co-rio-blanco', 'CO', 'Rio Blanco', 'Rio Blanco County, CO', 'coming_soon'),
('co-rio-grande', 'CO', 'Rio Grande', 'Rio Grande County, CO', 'coming_soon'),
('co-routt', 'CO', 'Routt', 'Routt County, CO', 'coming_soon'),
('co-saguache', 'CO', 'Saguache', 'Saguache County, CO', 'coming_soon'),
('co-san-juan', 'CO', 'San Juan', 'San Juan County, CO', 'coming_soon'),
('co-san-miguel', 'CO', 'San Miguel', 'San Miguel County, CO', 'coming_soon'),
('co-sedgwick', 'CO', 'Sedgwick', 'Sedgwick County, CO', 'coming_soon'),
('co-summit', 'CO', 'Summit', 'Summit County, CO', 'coming_soon'),
('co-teller', 'CO', 'Teller', 'Teller County, CO', 'coming_soon'),
('co-washington', 'CO', 'Washington', 'Washington County, CO', 'coming_soon'),
('co-weld', 'CO', 'Weld', 'Weld County, CO', 'coming_soon'),
('co-yuma', 'CO', 'Yuma', 'Yuma County, CO', 'coming_soon'),

-- Connecticut (8 counties)
('ct-fairfield', 'CT', 'Fairfield', 'Fairfield County, CT', 'coming_soon'),
('ct-hartford', 'CT', 'Hartford', 'Hartford County, CT', 'coming_soon'),
('ct-litchfield', 'CT', 'Litchfield', 'Litchfield County, CT', 'coming_soon'),
('ct-middlesex', 'CT', 'Middlesex', 'Middlesex County, CT', 'coming_soon'),
('ct-new-haven', 'CT', 'New Haven', 'New Haven County, CT', 'coming_soon'),
('ct-new-london', 'CT', 'New London', 'New London County, CT', 'coming_soon'),
('ct-tolland', 'CT', 'Tolland', 'Tolland County, CT', 'coming_soon'),
('ct-windham', 'CT', 'Windham', 'Windham County, CT', 'coming_soon'),

-- Delaware (3 counties)
('de-kent', 'DE', 'Kent', 'Kent County, DE', 'coming_soon'),
('de-new-castle', 'DE', 'New Castle', 'New Castle County, DE', 'coming_soon'),
('de-sussex', 'DE', 'Sussex', 'Sussex County, DE', 'coming_soon'),

-- Florida (67 counties)
('fl-alachua', 'FL', 'Alachua', 'Alachua County, FL', 'coming_soon'),
('fl-baker', 'FL', 'Baker', 'Baker County, FL', 'coming_soon'),
('fl-bay', 'FL', 'Bay', 'Bay County, FL', 'coming_soon'),
('fl-bradford', 'FL', 'Bradford', 'Bradford County, FL', 'coming_soon'),
('fl-brevard', 'FL', 'Brevard', 'Brevard County, FL', 'coming_soon'),
('fl-broward', 'FL', 'Broward', 'Broward County, FL', 'coming_soon'),
('fl-calhoun', 'FL', 'Calhoun', 'Calhoun County, FL', 'coming_soon'),
('fl-charlotte', 'FL', 'Charlotte', 'Charlotte County, FL', 'coming_soon'),
('fl-citrus', 'FL', 'Citrus', 'Citrus County, FL', 'coming_soon'),
('fl-clay', 'FL', 'Clay', 'Clay County, FL', 'coming_soon'),
('fl-collier', 'FL', 'Collier', 'Collier County, FL', 'coming_soon'),
('fl-columbia', 'FL', 'Columbia', 'Columbia County, FL', 'coming_soon'),
('fl-desoto', 'FL', 'DeSoto', 'DeSoto County, FL', 'coming_soon'),
('fl-dixie', 'FL', 'Dixie', 'Dixie County, FL', 'coming_soon'),
('fl-duval', 'FL', 'Duval', 'Duval County, FL', 'coming_soon'),
('fl-escambia', 'FL', 'Escambia', 'Escambia County, FL', 'coming_soon'),
('fl-flagler', 'FL', 'Flagler', 'Flagler County, FL', 'coming_soon'),
('fl-franklin', 'FL', 'Franklin', 'Franklin County, FL', 'coming_soon'),
('fl-gadsden', 'FL', 'Gadsden', 'Gadsden County, FL', 'coming_soon'),
('fl-gilchrist', 'FL', 'Gilchrist', 'Gilchrist County, FL', 'coming_soon'),
('fl-glades', 'FL', 'Glades', 'Glades County, FL', 'coming_soon'),
('fl-gulf', 'FL', 'Gulf', 'Gulf County, FL', 'coming_soon'),
('fl-hamilton', 'FL', 'Hamilton', 'Hamilton County, FL', 'coming_soon'),
('fl-hardee', 'FL', 'Hardee', 'Hardee County, FL', 'coming_soon'),
('fl-hendry', 'FL', 'Hendry', 'Hendry County, FL', 'coming_soon'),
('fl-hernando', 'FL', 'Hernando', 'Hernando County, FL', 'coming_soon'),
('fl-highlands', 'FL', 'Highlands', 'Highlands County, FL', 'coming_soon'),
('fl-hillsborough', 'FL', 'Hillsborough', 'Hillsborough County, FL', 'coming_soon'),
('fl-holmes', 'FL', 'Holmes', 'Holmes County, FL', 'coming_soon'),
('fl-indian-river', 'FL', 'Indian River', 'Indian River County, FL', 'coming_soon'),
('fl-jackson', 'FL', 'Jackson', 'Jackson County, FL', 'coming_soon'),
('fl-jefferson', 'FL', 'Jefferson', 'Jefferson County, FL', 'coming_soon'),
('fl-lafayette', 'FL', 'Lafayette', 'Lafayette County, FL', 'coming_soon'),
('fl-lake', 'FL', 'Lake', 'Lake County, FL', 'coming_soon'),
('fl-lee', 'FL', 'Lee', 'Lee County, FL', 'coming_soon'),
('fl-leon', 'FL', 'Leon', 'Leon County, FL', 'coming_soon'),
('fl-levy', 'FL', 'Levy', 'Levy County, FL', 'coming_soon'),
('fl-liberty', 'FL', 'Liberty', 'Liberty County, FL', 'coming_soon'),
('fl-madison', 'FL', 'Madison', 'Madison County, FL', 'coming_soon'),
('fl-manatee', 'FL', 'Manatee', 'Manatee County, FL', 'coming_soon'),
('fl-marion', 'FL', 'Marion', 'Marion County, FL', 'coming_soon'),
('fl-martin', 'FL', 'Martin', 'Martin County, FL', 'coming_soon'),
('fl-miami-dade', 'FL', 'Miami-Dade', 'Miami-Dade County, FL', 'coming_soon'),
('fl-monroe', 'FL', 'Monroe', 'Monroe County, FL', 'coming_soon'),
('fl-nassau', 'FL', 'Nassau', 'Nassau County, FL', 'coming_soon'),
('fl-okaloosa', 'FL', 'Okaloosa', 'Okaloosa County, FL', 'coming_soon'),
('fl-okeechobee', 'FL', 'Okeechobee', 'Okeechobee County, FL', 'coming_soon'),
('fl-orange', 'FL', 'Orange', 'Orange County, FL', 'coming_soon'),
('fl-osceola', 'FL', 'Osceola', 'Osceola County, FL', 'coming_soon'),
('fl-palm-beach', 'FL', 'Palm Beach', 'Palm Beach County, FL', 'coming_soon'),
('fl-pasco', 'FL', 'Pasco', 'Pasco County, FL', 'coming_soon'),
('fl-pinellas', 'FL', 'Pinellas', 'Pinellas County, FL', 'coming_soon'),
('fl-polk', 'FL', 'Polk', 'Polk County, FL', 'coming_soon'),
('fl-putnam', 'FL', 'Putnam', 'Putnam County, FL', 'coming_soon'),
('fl-santa-rosa', 'FL', 'Santa Rosa', 'Santa Rosa County, FL', 'coming_soon'),
('fl-sarasota', 'FL', 'Sarasota', 'Sarasota County, FL', 'coming_soon'),
('fl-seminole', 'FL', 'Seminole', 'Seminole County, FL', 'coming_soon'),
('fl-st-johns', 'FL', 'St. Johns', 'St. Johns County, FL', 'coming_soon'),
('fl-st-lucie', 'FL', 'St. Lucie', 'St. Lucie County, FL', 'coming_soon'),
('fl-sumter', 'FL', 'Sumter', 'Sumter County, FL', 'coming_soon'),
('fl-suwannee', 'FL', 'Suwannee', 'Suwannee County, FL', 'coming_soon'),
('fl-taylor', 'FL', 'Taylor', 'Taylor County, FL', 'coming_soon'),
('fl-union', 'FL', 'Union', 'Union County, FL', 'coming_soon'),
('fl-volusia', 'FL', 'Volusia', 'Volusia County, FL', 'coming_soon'),
('fl-wakulla', 'FL', 'Wakulla', 'Wakulla County, FL', 'coming_soon'),
('fl-walton', 'FL', 'Walton', 'Walton County, FL', 'coming_soon'),
('fl-washington', 'FL', 'Washington', 'Washington County, FL', 'coming_soon'),

-- Georgia (159 counties)
('ga-appling', 'GA', 'Appling', 'Appling County, GA', 'coming_soon'),
('ga-atkinson', 'GA', 'Atkinson', 'Atkinson County, GA', 'coming_soon'),
('ga-bacon', 'GA', 'Bacon', 'Bacon County, GA', 'coming_soon'),
('ga-baker', 'GA', 'Baker', 'Baker County, GA', 'coming_soon'),
('ga-baldwin', 'GA', 'Baldwin', 'Baldwin County, GA', 'coming_soon'),
('ga-banks', 'GA', 'Banks', 'Banks County, GA', 'coming_soon'),
('ga-barrow', 'GA', 'Barrow', 'Barrow County, GA', 'coming_soon'),
('ga-bartow', 'GA', 'Bartow', 'Bartow County, GA', 'coming_soon'),
('ga-ben-hill', 'GA', 'Ben Hill', 'Ben Hill County, GA', 'coming_soon'),
('ga-berrien', 'GA', 'Berrien', 'Berrien County, GA', 'coming_soon'),
('ga-bibb', 'GA', 'Bibb', 'Bibb County, GA', 'coming_soon'),
('ga-bleckley', 'GA', 'Bleckley', 'Bleckley County, GA', 'coming_soon'),
('ga-brantley', 'GA', 'Brantley', 'Brantley County, GA', 'coming_soon'),
('ga-brooks', 'GA', 'Brooks', 'Brooks County, GA', 'coming_soon'),
('ga-bryan', 'GA', 'Bryan', 'Bryan County, GA', 'coming_soon'),
('ga-bulloch', 'GA', 'Bulloch', 'Bulloch County, GA', 'coming_soon'),
('ga-burke', 'GA', 'Burke', 'Burke County, GA', 'coming_soon'),
('ga-butts', 'GA', 'Butts', 'Butts County, GA', 'coming_soon'),
('ga-calhoun', 'GA', 'Calhoun', 'Calhoun County, GA', 'coming_soon'),
('ga-camden', 'GA', 'Camden', 'Camden County, GA', 'coming_soon'),
('ga-candler', 'GA', 'Candler', 'Candler County, GA', 'coming_soon'),
('ga-carroll', 'GA', 'Carroll', 'Carroll County, GA', 'coming_soon'),
('ga-catoosa', 'GA', 'Catoosa', 'Catoosa County, GA', 'coming_soon'),
('ga-charlton', 'GA', 'Charlton', 'Charlton County, GA', 'coming_soon'),
('ga-chatham', 'GA', 'Chatham', 'Chatham County, GA', 'coming_soon'),
('ga-chattahoochee', 'GA', 'Chattahoochee', 'Chattahoochee County, GA', 'coming_soon'),
('ga-chattooga', 'GA', 'Chattooga', 'Chattooga County, GA', 'coming_soon'),
('ga-cherokee', 'GA', 'Cherokee', 'Cherokee County, GA', 'coming_soon'),
('ga-clarke', 'GA', 'Clarke', 'Clarke County, GA', 'coming_soon'),
('ga-clay', 'GA', 'Clay', 'Clay County, GA', 'coming_soon'),
('ga-clayton', 'GA', 'Clayton', 'Clayton County, GA', 'coming_soon'),
('ga-clinch', 'GA', 'Clinch', 'Clinch County, GA', 'coming_soon'),
('ga-cobb', 'GA', 'Cobb', 'Cobb County, GA', 'coming_soon'),
('ga-coffee', 'GA', 'Coffee', 'Coffee County, GA', 'coming_soon'),
('ga-colquitt', 'GA', 'Colquitt', 'Colquitt County, GA', 'coming_soon'),
('ga-columbia', 'GA', 'Columbia', 'Columbia County, GA', 'coming_soon'),
('ga-cook', 'GA', 'Cook', 'Cook County, GA', 'coming_soon'),
('ga-coweta', 'GA', 'Coweta', 'Coweta County, GA', 'coming_soon'),
('ga-crawford', 'GA', 'Crawford', 'Crawford County, GA', 'coming_soon'),
('ga-crisp', 'GA', 'Crisp', 'Crisp County, GA', 'coming_soon'),
('ga-dade', 'GA', 'Dade', 'Dade County, GA', 'coming_soon'),
('ga-dawson', 'GA', 'Dawson', 'Dawson County, GA', 'coming_soon'),
('ga-decatur', 'GA', 'Decatur', 'Decatur County, GA', 'coming_soon'),
('ga-dekalb', 'GA', 'DeKalb', 'DeKalb County, GA', 'coming_soon'),
('ga-dodge', 'GA', 'Dodge', 'Dodge County, GA', 'coming_soon'),
('ga-dooly', 'GA', 'Dooly', 'Dooly County, GA', 'coming_soon'),
('ga-dougherty', 'GA', 'Dougherty', 'Dougherty County, GA', 'coming_soon'),
('ga-douglas', 'GA', 'Douglas', 'Douglas County, GA', 'coming_soon'),
('ga-early', 'GA', 'Early', 'Early County, GA', 'coming_soon'),
('ga-echols', 'GA', 'Echols', 'Echols County, GA', 'coming_soon'),
('ga-effingham', 'GA', 'Effingham', 'Effingham County, GA', 'coming_soon'),
('ga-elbert', 'GA', 'Elbert', 'Elbert County, GA', 'coming_soon'),
('ga-emanuel', 'GA', 'Emanuel', 'Emanuel County, GA', 'coming_soon'),
('ga-evans', 'GA', 'Evans', 'Evans County, GA', 'coming_soon'),
('ga-fannin', 'GA', 'Fannin', 'Fannin County, GA', 'coming_soon'),
('ga-fayette', 'GA', 'Fayette', 'Fayette County, GA', 'coming_soon'),
('ga-floyd', 'GA', 'Floyd', 'Floyd County, GA', 'coming_soon'),
('ga-forsyth', 'GA', 'Forsyth', 'Forsyth County, GA', 'coming_soon'),
('ga-franklin', 'GA', 'Franklin', 'Franklin County, GA', 'coming_soon'),
('ga-fulton', 'GA', 'Fulton', 'Fulton County, GA', 'coming_soon'),
('ga-gilmer', 'GA', 'Gilmer', 'Gilmer County, GA', 'coming_soon'),
('ga-glascock', 'GA', 'Glascock', 'Glascock County, GA', 'coming_soon'),
('ga-glynn', 'GA', 'Glynn', 'Glynn County, GA', 'coming_soon'),
('ga-gordon', 'GA', 'Gordon', 'Gordon County, GA', 'coming_soon'),
('ga-grady', 'GA', 'Grady', 'Grady County, GA', 'coming_soon'),
('ga-greene', 'GA', 'Greene', 'Greene County, GA', 'coming_soon'),
('ga-gwinnett', 'GA', 'Gwinnett', 'Gwinnett County, GA', 'coming_soon'),
('ga-habersham', 'GA', 'Habersham', 'Habersham County, GA', 'coming_soon'),
('ga-hall', 'GA', 'Hall', 'Hall County, GA', 'coming_soon'),
('ga-hancock', 'GA', 'Hancock', 'Hancock County, GA', 'coming_soon'),
('ga-haralson', 'GA', 'Haralson', 'Haralson County, GA', 'coming_soon'),
('ga-harris', 'GA', 'Harris', 'Harris County, GA', 'coming_soon'),
('ga-hart', 'GA', 'Hart', 'Hart County, GA', 'coming_soon'),
('ga-heard', 'GA', 'Heard', 'Heard County, GA', 'coming_soon'),
('ga-henry', 'GA', 'Henry', 'Henry County, GA', 'coming_soon'),
('ga-houston', 'GA', 'Houston', 'Houston County, GA', 'coming_soon'),
('ga-irwin', 'GA', 'Irwin', 'Irwin County, GA', 'coming_soon'),
('ga-jackson', 'GA', 'Jackson', 'Jackson County, GA', 'coming_soon'),
('ga-jasper', 'GA', 'Jasper', 'Jasper County, GA', 'coming_soon'),
('ga-jeff-davis', 'GA', 'Jeff Davis', 'Jeff Davis County, GA', 'coming_soon'),
('ga-jefferson', 'GA', 'Jefferson', 'Jefferson County, GA', 'coming_soon'),
('ga-jenkins', 'GA', 'Jenkins', 'Jenkins County, GA', 'coming_soon'),
('ga-johnson', 'GA', 'Johnson', 'Johnson County, GA', 'coming_soon'),
('ga-jones', 'GA', 'Jones', 'Jones County, GA', 'coming_soon'),
('ga-lamar', 'GA', 'Lamar', 'Lamar County, GA', 'coming_soon'),
('ga-lanier', 'GA', 'Lanier', 'Lanier County, GA', 'coming_soon'),
('ga-laurens', 'GA', 'Laurens', 'Laurens County, GA', 'coming_soon'),
('ga-lee', 'GA', 'Lee', 'Lee County, GA', 'coming_soon'),
('ga-liberty', 'GA', 'Liberty', 'Liberty County, GA', 'coming_soon'),
('ga-lincoln', 'GA', 'Lincoln', 'Lincoln County, GA', 'coming_soon'),
('ga-long', 'GA', 'Long', 'Long County, GA', 'coming_soon'),
('ga-lowndes', 'GA', 'Lowndes', 'Lowndes County, GA', 'coming_soon'),
('ga-lumpkin', 'GA', 'Lumpkin', 'Lumpkin County, GA', 'coming_soon'),
('ga-macon', 'GA', 'Macon', 'Macon County, GA', 'coming_soon'),
('ga-madison', 'GA', 'Madison', 'Madison County, GA', 'coming_soon'),
('ga-marion', 'GA', 'Marion', 'Marion County, GA', 'coming_soon'),
('ga-mcduffie', 'GA', 'McDuffie', 'McDuffie County, GA', 'coming_soon'),
('ga-mcintosh', 'GA', 'McIntosh', 'McIntosh County, GA', 'coming_soon'),
('ga-meriwether', 'GA', 'Meriwether', 'Meriwether County, GA', 'coming_soon'),
('ga-miller', 'GA', 'Miller', 'Miller County, GA', 'coming_soon'),
('ga-mitchell', 'GA', 'Mitchell', 'Mitchell County, GA', 'coming_soon'),
('ga-monroe', 'GA', 'Monroe', 'Monroe County, GA', 'coming_soon'),
('ga-montgomery', 'GA', 'Montgomery', 'Montgomery County, GA', 'coming_soon'),
('ga-morgan', 'GA', 'Morgan', 'Morgan County, GA', 'coming_soon'),
('ga-murray', 'GA', 'Murray', 'Murray County, GA', 'coming_soon'),
('ga-muscogee', 'GA', 'Muscogee', 'Muscogee County, GA', 'coming_soon'),
('ga-newton', 'GA', 'Newton', 'Newton County, GA', 'coming_soon'),
('ga-oconee', 'GA', 'Oconee', 'Oconee County, GA', 'coming_soon'),
('ga-oglethorpe', 'GA', 'Oglethorpe', 'Oglethorpe County, GA', 'coming_soon'),
('ga-paulding', 'GA', 'Paulding', 'Paulding County, GA', 'coming_soon'),
('ga-peach', 'GA', 'Peach', 'Peach County, GA', 'coming_soon'),
('ga-pickens', 'GA', 'Pickens', 'Pickens County, GA', 'coming_soon'),
('ga-pierce', 'GA', 'Pierce', 'Pierce County, GA', 'coming_soon'),
('ga-pike', 'GA', 'Pike', 'Pike County, GA', 'coming_soon'),
('ga-polk', 'GA', 'Polk', 'Polk County, GA', 'coming_soon'),
('ga-pulaski', 'GA', 'Pulaski', 'Pulaski County, GA', 'coming_soon'),
('ga-putnam', 'GA', 'Putnam', 'Putnam County, GA', 'coming_soon'),
('ga-quitman', 'GA', 'Quitman', 'Quitman County, GA', 'coming_soon'),
('ga-rabun', 'GA', 'Rabun', 'Rabun County, GA', 'coming_soon'),
('ga-randolph', 'GA', 'Randolph', 'Randolph County, GA', 'coming_soon'),
('ga-richmond', 'GA', 'Richmond', 'Richmond County, GA', 'coming_soon'),
('ga-rockdale', 'GA', 'Rockdale', 'Rockdale County, GA', 'coming_soon'),
('ga-schley', 'GA', 'Schley', 'Schley County, GA', 'coming_soon'),
('ga-screven', 'GA', 'Screven', 'Screven County, GA', 'coming_soon'),
('ga-seminole', 'GA', 'Seminole', 'Seminole County, GA', 'coming_soon'),
('ga-spalding', 'GA', 'Spalding', 'Spalding County, GA', 'coming_soon'),
('ga-stephens', 'GA', 'Stephens', 'Stephens County, GA', 'coming_soon'),
('ga-stewart', 'GA', 'Stewart', 'Stewart County, GA', 'coming_soon'),
('ga-sumter', 'GA', 'Sumter', 'Sumter County, GA', 'coming_soon'),
('ga-talbot', 'GA', 'Talbot', 'Talbot County, GA', 'coming_soon'),
('ga-taliaferro', 'GA', 'Taliaferro', 'Taliaferro County, GA', 'coming_soon'),
('ga-tattnall', 'GA', 'Tattnall', 'Tattnall County, GA', 'coming_soon'),
('ga-taylor', 'GA', 'Taylor', 'Taylor County, GA', 'coming_soon'),
('ga-telfair', 'GA', 'Telfair', 'Telfair County, GA', 'coming_soon'),
('ga-terrell', 'GA', 'Terrell', 'Terrell County, GA', 'coming_soon'),
('ga-thomas', 'GA', 'Thomas', 'Thomas County, GA', 'coming_soon'),
('ga-tift', 'GA', 'Tift', 'Tift County, GA', 'coming_soon'),
('ga-toombs', 'GA', 'Toombs', 'Toombs County, GA', 'coming_soon'),
('ga-towns', 'GA', 'Towns', 'Towns County, GA', 'coming_soon'),
('ga-treutlen', 'GA', 'Treutlen', 'Treutlen County, GA', 'coming_soon'),
('ga-troup', 'GA', 'Troup', 'Troup County, GA', 'coming_soon'),
('ga-turner', 'GA', 'Turner', 'Turner County, GA', 'coming_soon'),
('ga-twiggs', 'GA', 'Twiggs', 'Twiggs County, GA', 'coming_soon'),
('ga-union', 'GA', 'Union', 'Union County, GA', 'coming_soon'),
('ga-upson', 'GA', 'Upson', 'Upson County, GA', 'coming_soon'),
('ga-walker', 'GA', 'Walker', 'Walker County, GA', 'coming_soon'),
('ga-walton', 'GA', 'Walton', 'Walton County, GA', 'coming_soon'),
('ga-ware', 'GA', 'Ware', 'Ware County, GA', 'coming_soon'),
('ga-warren', 'GA', 'Warren', 'Warren County, GA', 'coming_soon'),
('ga-washington', 'GA', 'Washington', 'Washington County, GA', 'coming_soon'),
('ga-wayne', 'GA', 'Wayne', 'Wayne County, GA', 'coming_soon'),
('ga-webster', 'GA', 'Webster', 'Webster County, GA', 'coming_soon'),
('ga-wheeler', 'GA', 'Wheeler', 'Wheeler County, GA', 'coming_soon'),
('ga-white', 'GA', 'White', 'White County, GA', 'coming_soon'),
('ga-whitfield', 'GA', 'Whitfield', 'Whitfield County, GA', 'coming_soon'),
('ga-wilcox', 'GA', 'Wilcox', 'Wilcox County, GA', 'coming_soon'),
('ga-wilkes', 'GA', 'Wilkes', 'Wilkes County, GA', 'coming_soon'),
('ga-wilkinson', 'GA', 'Wilkinson', 'Wilkinson County, GA', 'coming_soon'),
('ga-worth', 'GA', 'Worth', 'Worth County, GA', 'coming_soon'),

-- Hawaii (5 counties)
('hi-hawaii', 'HI', 'Hawaii', 'Hawaii County, HI', 'coming_soon'),
('hi-honolulu', 'HI', 'Honolulu', 'Honolulu County, HI', 'coming_soon'),
('hi-kalawao', 'HI', 'Kalawao', 'Kalawao County, HI', 'coming_soon'),
('hi-kauai', 'HI', 'Kauai', 'Kauai County, HI', 'coming_soon'),
('hi-maui', 'HI', 'Maui', 'Maui County, HI', 'coming_soon'),

-- Idaho (44 counties)
('id-ada', 'ID', 'Ada', 'Ada County, ID', 'coming_soon'),
('id-adams', 'ID', 'Adams', 'Adams County, ID', 'coming_soon'),
('id-bannock', 'ID', 'Bannock', 'Bannock County, ID', 'coming_soon'),
('id-bear-lake', 'ID', 'Bear Lake', 'Bear Lake County, ID', 'coming_soon'),
('id-benewah', 'ID', 'Benewah', 'Benewah County, ID', 'coming_soon'),
('id-bingham', 'ID', 'Bingham', 'Bingham County, ID', 'coming_soon'),
('id-blaine', 'ID', 'Blaine', 'Blaine County, ID', 'coming_soon'),
('id-boise', 'ID', 'Boise', 'Boise County, ID', 'coming_soon'),
('id-bonner', 'ID', 'Bonner', 'Bonner County, ID', 'coming_soon'),
('id-bonneville', 'ID', 'Bonneville', 'Bonneville County, ID', 'coming_soon'),
('id-boundary', 'ID', 'Boundary', 'Boundary County, ID', 'coming_soon'),
('id-butte', 'ID', 'Butte', 'Butte County, ID', 'coming_soon'),
('id-camas', 'ID', 'Camas', 'Camas County, ID', 'coming_soon'),
('id-canyon', 'ID', 'Canyon', 'Canyon County, ID', 'coming_soon'),
('id-caribou', 'ID', 'Caribou', 'Caribou County, ID', 'coming_soon'),
('id-cassia', 'ID', 'Cassia', 'Cassia County, ID', 'coming_soon'),
('id-clark', 'ID', 'Clark', 'Clark County, ID', 'coming_soon'),
('id-clearwater', 'ID', 'Clearwater', 'Clearwater County, ID', 'coming_soon'),
('id-custer', 'ID', 'Custer', 'Custer County, ID', 'coming_soon'),
('id-elmore', 'ID', 'Elmore', 'Elmore County, ID', 'coming_soon'),
('id-franklin', 'ID', 'Franklin', 'Franklin County, ID', 'coming_soon'),
('id-fremont', 'ID', 'Fremont', 'Fremont County, ID', 'coming_soon'),
('id-gem', 'ID', 'Gem', 'Gem County, ID', 'coming_soon'),
('id-gooding', 'ID', 'Gooding', 'Gooding County, ID', 'coming_soon'),
('id-idaho', 'ID', 'Idaho', 'Idaho County, ID', 'coming_soon'),
('id-jefferson', 'ID', 'Jefferson', 'Jefferson County, ID', 'coming_soon'),
('id-jerome', 'ID', 'Jerome', 'Jerome County, ID', 'coming_soon'),
('id-kootenai', 'ID', 'Kootenai', 'Kootenai County, ID', 'coming_soon'),
('id-latah', 'ID', 'Latah', 'Latah County, ID', 'coming_soon'),
('id-lemhi', 'ID', 'Lemhi', 'Lemhi County, ID', 'coming_soon'),
('id-lewis', 'ID', 'Lewis', 'Lewis County, ID', 'coming_soon'),
('id-lincoln', 'ID', 'Lincoln', 'Lincoln County, ID', 'coming_soon'),
('id-madison', 'ID', 'Madison', 'Madison County, ID', 'coming_soon'),
('id-minidoka', 'ID', 'Minidoka', 'Minidoka County, ID', 'coming_soon'),
('id-nez-perce', 'ID', 'Nez Perce', 'Nez Perce County, ID', 'coming_soon'),
('id-oneida', 'ID', 'Oneida', 'Oneida County, ID', 'coming_soon'),
('id-owyhee', 'ID', 'Owyhee', 'Owyhee County, ID', 'coming_soon'),
('id-payette', 'ID', 'Payette', 'Payette County, ID', 'coming_soon'),
('id-power', 'ID', 'Power', 'Power County, ID', 'coming_soon'),
('id-shoshone', 'ID', 'Shoshone', 'Shoshone County, ID', 'coming_soon'),
('id-teton', 'ID', 'Teton', 'Teton County, ID', 'coming_soon'),
('id-twin-falls', 'ID', 'Twin Falls', 'Twin Falls County, ID', 'coming_soon'),
('id-valley', 'ID', 'Valley', 'Valley County, ID', 'coming_soon'),
('id-washington', 'ID', 'Washington', 'Washington County, ID', 'coming_soon')

ON CONFLICT (jurisdiction_code) DO NOTHING;
