-- Seed all US counties - Part 5 (North Carolina through Wyoming)
-- Run this in Supabase SQL Editor AFTER parts 1, 2, 3, and 4

INSERT INTO jurisdictions (jurisdiction_code, state_code, county_name, display_name, status, monthly_license_fee) VALUES
-- North Carolina (100 counties)
('nc-alamance', 'NC', 'Alamance', 'Alamance County, NC', 'coming_soon', 0),
('nc-alexander', 'NC', 'Alexander', 'Alexander County, NC', 'coming_soon', 0),
('nc-alleghany', 'NC', 'Alleghany', 'Alleghany County, NC', 'coming_soon', 0),
('nc-anson', 'NC', 'Anson', 'Anson County, NC', 'coming_soon', 0),
('nc-ashe', 'NC', 'Ashe', 'Ashe County, NC', 'coming_soon', 0),
('nc-avery', 'NC', 'Avery', 'Avery County, NC', 'coming_soon', 0),
('nc-beaufort', 'NC', 'Beaufort', 'Beaufort County, NC', 'coming_soon', 0),
('nc-bertie', 'NC', 'Bertie', 'Bertie County, NC', 'coming_soon', 0),
('nc-bladen', 'NC', 'Bladen', 'Bladen County, NC', 'coming_soon', 0),
('nc-brunswick', 'NC', 'Brunswick', 'Brunswick County, NC', 'coming_soon', 0),
('nc-buncombe', 'NC', 'Buncombe', 'Buncombe County, NC', 'coming_soon', 0),
('nc-burke', 'NC', 'Burke', 'Burke County, NC', 'coming_soon', 0),
('nc-cabarrus', 'NC', 'Cabarrus', 'Cabarrus County, NC', 'coming_soon', 0),
('nc-caldwell', 'NC', 'Caldwell', 'Caldwell County, NC', 'coming_soon', 0),
('nc-camden', 'NC', 'Camden', 'Camden County, NC', 'coming_soon', 0),
('nc-carteret', 'NC', 'Carteret', 'Carteret County, NC', 'coming_soon', 0),
('nc-caswell', 'NC', 'Caswell', 'Caswell County, NC', 'coming_soon', 0),
('nc-catawba', 'NC', 'Catawba', 'Catawba County, NC', 'coming_soon', 0),
('nc-chatham', 'NC', 'Chatham', 'Chatham County, NC', 'coming_soon', 0),
('nc-cherokee', 'NC', 'Cherokee', 'Cherokee County, NC', 'coming_soon', 0),
('nc-chowan', 'NC', 'Chowan', 'Chowan County, NC', 'coming_soon', 0),
('nc-clay', 'NC', 'Clay', 'Clay County, NC', 'coming_soon', 0),
('nc-cleveland', 'NC', 'Cleveland', 'Cleveland County, NC', 'coming_soon', 0),
('nc-columbus', 'NC', 'Columbus', 'Columbus County, NC', 'coming_soon', 0),
('nc-craven', 'NC', 'Craven', 'Craven County, NC', 'coming_soon', 0),
('nc-cumberland', 'NC', 'Cumberland', 'Cumberland County, NC', 'coming_soon', 0),
('nc-currituck', 'NC', 'Currituck', 'Currituck County, NC', 'coming_soon', 0),
('nc-dare', 'NC', 'Dare', 'Dare County, NC', 'coming_soon', 0),
('nc-davidson', 'NC', 'Davidson', 'Davidson County, NC', 'coming_soon', 0),
('nc-davie', 'NC', 'Davie', 'Davie County, NC', 'coming_soon', 0),
('nc-duplin', 'NC', 'Duplin', 'Duplin County, NC', 'coming_soon', 0),
('nc-durham', 'NC', 'Durham', 'Durham County, NC', 'coming_soon', 0),
('nc-edgecombe', 'NC', 'Edgecombe', 'Edgecombe County, NC', 'coming_soon', 0),
('nc-forsyth', 'NC', 'Forsyth', 'Forsyth County, NC', 'coming_soon', 0),
('nc-franklin', 'NC', 'Franklin', 'Franklin County, NC', 'coming_soon', 0),
('nc-gaston', 'NC', 'Gaston', 'Gaston County, NC', 'coming_soon', 0),
('nc-gates', 'NC', 'Gates', 'Gates County, NC', 'coming_soon', 0),
('nc-graham', 'NC', 'Graham', 'Graham County, NC', 'coming_soon', 0),
('nc-granville', 'NC', 'Granville', 'Granville County, NC', 'coming_soon', 0),
('nc-greene', 'NC', 'Greene', 'Greene County, NC', 'coming_soon', 0),
('nc-guilford', 'NC', 'Guilford', 'Guilford County, NC', 'coming_soon', 0),
('nc-halifax', 'NC', 'Halifax', 'Halifax County, NC', 'coming_soon', 0),
('nc-harnett', 'NC', 'Harnett', 'Harnett County, NC', 'coming_soon', 0),
('nc-haywood', 'NC', 'Haywood', 'Haywood County, NC', 'coming_soon', 0),
('nc-henderson', 'NC', 'Henderson', 'Henderson County, NC', 'coming_soon', 0),
('nc-hertford', 'NC', 'Hertford', 'Hertford County, NC', 'coming_soon', 0),
('nc-hoke', 'NC', 'Hoke', 'Hoke County, NC', 'coming_soon', 0),
('nc-hyde', 'NC', 'Hyde', 'Hyde County, NC', 'coming_soon', 0),
('nc-iredell', 'NC', 'Iredell', 'Iredell County, NC', 'coming_soon', 0),
('nc-jackson', 'NC', 'Jackson', 'Jackson County, NC', 'coming_soon', 0),
('nc-johnston', 'NC', 'Johnston', 'Johnston County, NC', 'coming_soon', 0),
('nc-jones', 'NC', 'Jones', 'Jones County, NC', 'coming_soon', 0),
('nc-lee', 'NC', 'Lee', 'Lee County, NC', 'coming_soon', 0),
('nc-lenoir', 'NC', 'Lenoir', 'Lenoir County, NC', 'coming_soon', 0),
('nc-lincoln', 'NC', 'Lincoln', 'Lincoln County, NC', 'coming_soon', 0),
('nc-macon', 'NC', 'Macon', 'Macon County, NC', 'coming_soon', 0),
('nc-madison', 'NC', 'Madison', 'Madison County, NC', 'coming_soon', 0),
('nc-martin', 'NC', 'Martin', 'Martin County, NC', 'coming_soon', 0),
('nc-mcdowell', 'NC', 'McDowell', 'McDowell County, NC', 'coming_soon', 0),
('nc-mecklenburg', 'NC', 'Mecklenburg', 'Mecklenburg County, NC', 'coming_soon', 0),
('nc-mitchell', 'NC', 'Mitchell', 'Mitchell County, NC', 'coming_soon', 0),
('nc-montgomery', 'NC', 'Montgomery', 'Montgomery County, NC', 'coming_soon', 0),
('nc-moore', 'NC', 'Moore', 'Moore County, NC', 'coming_soon', 0),
('nc-nash', 'NC', 'Nash', 'Nash County, NC', 'coming_soon', 0),
('nc-newhanover', 'NC', 'New Hanover', 'New Hanover County, NC', 'coming_soon', 0),
('nc-northampton', 'NC', 'Northampton', 'Northampton County, NC', 'coming_soon', 0),
('nc-onslow', 'NC', 'Onslow', 'Onslow County, NC', 'coming_soon', 0),
('nc-orange', 'NC', 'Orange', 'Orange County, NC', 'coming_soon', 0),
('nc-pamlico', 'NC', 'Pamlico', 'Pamlico County, NC', 'coming_soon', 0),
('nc-pasquotank', 'NC', 'Pasquotank', 'Pasquotank County, NC', 'coming_soon', 0),
('nc-pender', 'NC', 'Pender', 'Pender County, NC', 'coming_soon', 0),
('nc-perquimans', 'NC', 'Perquimans', 'Perquimans County, NC', 'coming_soon', 0),
('nc-person', 'NC', 'Person', 'Person County, NC', 'coming_soon', 0),
('nc-pitt', 'NC', 'Pitt', 'Pitt County, NC', 'coming_soon', 0),
('nc-polk', 'NC', 'Polk', 'Polk County, NC', 'coming_soon', 0),
('nc-randolph', 'NC', 'Randolph', 'Randolph County, NC', 'coming_soon', 0),
('nc-richmond', 'NC', 'Richmond', 'Richmond County, NC', 'coming_soon', 0),
('nc-robeson', 'NC', 'Robeson', 'Robeson County, NC', 'coming_soon', 0),
('nc-rockingham', 'NC', 'Rockingham', 'Rockingham County, NC', 'coming_soon', 0),
('nc-rowan', 'NC', 'Rowan', 'Rowan County, NC', 'coming_soon', 0),
('nc-rutherford', 'NC', 'Rutherford', 'Rutherford County, NC', 'coming_soon', 0),
('nc-sampson', 'NC', 'Sampson', 'Sampson County, NC', 'coming_soon', 0),
('nc-scotland', 'NC', 'Scotland', 'Scotland County, NC', 'coming_soon', 0),
('nc-stanly', 'NC', 'Stanly', 'Stanly County, NC', 'coming_soon', 0),
('nc-stokes', 'NC', 'Stokes', 'Stokes County, NC', 'coming_soon', 0),
('nc-surry', 'NC', 'Surry', 'Surry County, NC', 'coming_soon', 0),
('nc-swain', 'NC', 'Swain', 'Swain County, NC', 'coming_soon', 0),
('nc-transylvania', 'NC', 'Transylvania', 'Transylvania County, NC', 'coming_soon', 0),
('nc-tyrrell', 'NC', 'Tyrrell', 'Tyrrell County, NC', 'coming_soon', 0),
('nc-union', 'NC', 'Union', 'Union County, NC', 'coming_soon', 0),
('nc-vance', 'NC', 'Vance', 'Vance County, NC', 'coming_soon', 0),
('nc-wake', 'NC', 'Wake', 'Wake County, NC', 'coming_soon', 0),
('nc-warren', 'NC', 'Warren', 'Warren County, NC', 'coming_soon', 0),
('nc-washington', 'NC', 'Washington', 'Washington County, NC', 'coming_soon', 0),
('nc-watauga', 'NC', 'Watauga', 'Watauga County, NC', 'coming_soon', 0),
('nc-wayne', 'NC', 'Wayne', 'Wayne County, NC', 'coming_soon', 0),
('nc-wilkes', 'NC', 'Wilkes', 'Wilkes County, NC', 'coming_soon', 0),
('nc-wilson', 'NC', 'Wilson', 'Wilson County, NC', 'coming_soon', 0),
('nc-yadkin', 'NC', 'Yadkin', 'Yadkin County, NC', 'coming_soon', 0),
('nc-yancey', 'NC', 'Yancey', 'Yancey County, NC', 'coming_soon', 0),

-- North Dakota (53 counties)
('nd-adams', 'ND', 'Adams', 'Adams County, ND', 'coming_soon', 0),
('nd-barnes', 'ND', 'Barnes', 'Barnes County, ND', 'coming_soon', 0),
('nd-benson', 'ND', 'Benson', 'Benson County, ND', 'coming_soon', 0),
('nd-billings', 'ND', 'Billings', 'Billings County, ND', 'coming_soon', 0),
('nd-bottineau', 'ND', 'Bottineau', 'Bottineau County, ND', 'coming_soon', 0),
('nd-bowman', 'ND', 'Bowman', 'Bowman County, ND', 'coming_soon', 0),
('nd-burke', 'ND', 'Burke', 'Burke County, ND', 'coming_soon', 0),
('nd-burleigh', 'ND', 'Burleigh', 'Burleigh County, ND', 'coming_soon', 0),
('nd-cass', 'ND', 'Cass', 'Cass County, ND', 'coming_soon', 0),
('nd-cavalier', 'ND', 'Cavalier', 'Cavalier County, ND', 'coming_soon', 0),
('nd-dickey', 'ND', 'Dickey', 'Dickey County, ND', 'coming_soon', 0),
('nd-divide', 'ND', 'Divide', 'Divide County, ND', 'coming_soon', 0),
('nd-dunn', 'ND', 'Dunn', 'Dunn County, ND', 'coming_soon', 0),
('nd-eddy', 'ND', 'Eddy', 'Eddy County, ND', 'coming_soon', 0),
('nd-emmons', 'ND', 'Emmons', 'Emmons County, ND', 'coming_soon', 0),
('nd-foster', 'ND', 'Foster', 'Foster County, ND', 'coming_soon', 0),
('nd-goldenvalley', 'ND', 'Golden Valley', 'Golden Valley County, ND', 'coming_soon', 0),
('nd-grandForks', 'ND', 'Grand Forks', 'Grand Forks County, ND', 'coming_soon', 0),
('nd-grant', 'ND', 'Grant', 'Grant County, ND', 'coming_soon', 0),
('nd-griggs', 'ND', 'Griggs', 'Griggs County, ND', 'coming_soon', 0),
('nd-hettinger', 'ND', 'Hettinger', 'Hettinger County, ND', 'coming_soon', 0),
('nd-kidder', 'ND', 'Kidder', 'Kidder County, ND', 'coming_soon', 0),
('nd-lamoure', 'ND', 'LaMoure', 'LaMoure County, ND', 'coming_soon', 0),
('nd-logan', 'ND', 'Logan', 'Logan County, ND', 'coming_soon', 0),
('nd-mchenry', 'ND', 'McHenry', 'McHenry County, ND', 'coming_soon', 0),
('nd-mcintosh', 'ND', 'McIntosh', 'McIntosh County, ND', 'coming_soon', 0),
('nd-mckenzie', 'ND', 'McKenzie', 'McKenzie County, ND', 'coming_soon', 0),
('nd-mclean', 'ND', 'McLean', 'McLean County, ND', 'coming_soon', 0),
('nd-mercer', 'ND', 'Mercer', 'Mercer County, ND', 'coming_soon', 0),
('nd-morton', 'ND', 'Morton', 'Morton County, ND', 'coming_soon', 0),
('nd-mountrail', 'ND', 'Mountrail', 'Mountrail County, ND', 'coming_soon', 0),
('nd-nelson', 'ND', 'Nelson', 'Nelson County, ND', 'coming_soon', 0),
('nd-oliver', 'ND', 'Oliver', 'Oliver County, ND', 'coming_soon', 0),
('nd-pembina', 'ND', 'Pembina', 'Pembina County, ND', 'coming_soon', 0),
('nd-pierce', 'ND', 'Pierce', 'Pierce County, ND', 'coming_soon', 0),
('nd-ramsey', 'ND', 'Ramsey', 'Ramsey County, ND', 'coming_soon', 0),
('nd-ransom', 'ND', 'Ransom', 'Ransom County, ND', 'coming_soon', 0),
('nd-renville', 'ND', 'Renville', 'Renville County, ND', 'coming_soon', 0),
('nd-richland', 'ND', 'Richland', 'Richland County, ND', 'coming_soon', 0),
('nd-rolette', 'ND', 'Rolette', 'Rolette County, ND', 'coming_soon', 0),
('nd-sargent', 'ND', 'Sargent', 'Sargent County, ND', 'coming_soon', 0),
('nd-sheridan', 'ND', 'Sheridan', 'Sheridan County, ND', 'coming_soon', 0),
('nd-sioux', 'ND', 'Sioux', 'Sioux County, ND', 'coming_soon', 0),
('nd-slope', 'ND', 'Slope', 'Slope County, ND', 'coming_soon', 0),
('nd-stark', 'ND', 'Stark', 'Stark County, ND', 'coming_soon', 0),
('nd-steele', 'ND', 'Steele', 'Steele County, ND', 'coming_soon', 0),
('nd-stutsman', 'ND', 'Stutsman', 'Stutsman County, ND', 'coming_soon', 0),
('nd-towner', 'ND', 'Towner', 'Towner County, ND', 'coming_soon', 0),
('nd-traill', 'ND', 'Traill', 'Traill County, ND', 'coming_soon', 0),
('nd-walsh', 'ND', 'Walsh', 'Walsh County, ND', 'coming_soon', 0),
('nd-ward', 'ND', 'Ward', 'Ward County, ND', 'coming_soon', 0),
('nd-wells', 'ND', 'Wells', 'Wells County, ND', 'coming_soon', 0),
('nd-williams', 'ND', 'Williams', 'Williams County, ND', 'coming_soon', 0),

-- Oklahoma (77 counties)
('ok-adair', 'OK', 'Adair', 'Adair County, OK', 'coming_soon', 0),
('ok-alfalfa', 'OK', 'Alfalfa', 'Alfalfa County, OK', 'coming_soon', 0),
('ok-atoka', 'OK', 'Atoka', 'Atoka County, OK', 'coming_soon', 0),
('ok-beaver', 'OK', 'Beaver', 'Beaver County, OK', 'coming_soon', 0),
('ok-beckham', 'OK', 'Beckham', 'Beckham County, OK', 'coming_soon', 0),
('ok-blaine', 'OK', 'Blaine', 'Blaine County, OK', 'coming_soon', 0),
('ok-bryan', 'OK', 'Bryan', 'Bryan County, OK', 'coming_soon', 0),
('ok-caddo', 'OK', 'Caddo', 'Caddo County, OK', 'coming_soon', 0),
('ok-canadian', 'OK', 'Canadian', 'Canadian County, OK', 'coming_soon', 0),
('ok-carter', 'OK', 'Carter', 'Carter County, OK', 'coming_soon', 0),
('ok-cherokee', 'OK', 'Cherokee', 'Cherokee County, OK', 'coming_soon', 0),
('ok-choctaw', 'OK', 'Choctaw', 'Choctaw County, OK', 'coming_soon', 0),
('ok-cimarron', 'OK', 'Cimarron', 'Cimarron County, OK', 'coming_soon', 0),
('ok-cleveland', 'OK', 'Cleveland', 'Cleveland County, OK', 'coming_soon', 0),
('ok-coal', 'OK', 'Coal', 'Coal County, OK', 'coming_soon', 0),
('ok-comanche', 'OK', 'Comanche', 'Comanche County, OK', 'coming_soon', 0),
('ok-cotton', 'OK', 'Cotton', 'Cotton County, OK', 'coming_soon', 0),
('ok-craig', 'OK', 'Craig', 'Craig County, OK', 'coming_soon', 0),
('ok-creek', 'OK', 'Creek', 'Creek County, OK', 'coming_soon', 0),
('ok-custer', 'OK', 'Custer', 'Custer County, OK', 'coming_soon', 0),
('ok-delaware', 'OK', 'Delaware', 'Delaware County, OK', 'coming_soon', 0),
('ok-dewey', 'OK', 'Dewey', 'Dewey County, OK', 'coming_soon', 0),
('ok-ellis', 'OK', 'Ellis', 'Ellis County, OK', 'coming_soon', 0),
('ok-garfield', 'OK', 'Garfield', 'Garfield County, OK', 'coming_soon', 0),
('ok-garvin', 'OK', 'Garvin', 'Garvin County, OK', 'coming_soon', 0),
('ok-grady', 'OK', 'Grady', 'Grady County, OK', 'coming_soon', 0),
('ok-grant', 'OK', 'Grant', 'Grant County, OK', 'coming_soon', 0),
('ok-greer', 'OK', 'Greer', 'Greer County, OK', 'coming_soon', 0),
('ok-harmon', 'OK', 'Harmon', 'Harmon County, OK', 'coming_soon', 0),
('ok-harper', 'OK', 'Harper', 'Harper County, OK', 'coming_soon', 0),
('ok-haskell', 'OK', 'Haskell', 'Haskell County, OK', 'coming_soon', 0),
('ok-hughes', 'OK', 'Hughes', 'Hughes County, OK', 'coming_soon', 0),
('ok-jackson', 'OK', 'Jackson', 'Jackson County, OK', 'coming_soon', 0),
('ok-jefferson', 'OK', 'Jefferson', 'Jefferson County, OK', 'coming_soon', 0),
('ok-johnston', 'OK', 'Johnston', 'Johnston County, OK', 'coming_soon', 0),
('ok-kay', 'OK', 'Kay', 'Kay County, OK', 'coming_soon', 0),
('ok-kingfisher', 'OK', 'Kingfisher', 'Kingfisher County, OK', 'coming_soon', 0),
('ok-kiowa', 'OK', 'Kiowa', 'Kiowa County, OK', 'coming_soon', 0),
('ok-latimer', 'OK', 'Latimer', 'Latimer County, OK', 'coming_soon', 0),
('ok-leflore', 'OK', 'Le Flore', 'Le Flore County, OK', 'coming_soon', 0),
('ok-lincoln', 'OK', 'Lincoln', 'Lincoln County, OK', 'coming_soon', 0),
('ok-logan', 'OK', 'Logan', 'Logan County, OK', 'coming_soon', 0),
('ok-love', 'OK', 'Love', 'Love County, OK', 'coming_soon', 0),
('ok-major', 'OK', 'Major', 'Major County, OK', 'coming_soon', 0),
('ok-marshall', 'OK', 'Marshall', 'Marshall County, OK', 'coming_soon', 0),
('ok-mayes', 'OK', 'Mayes', 'Mayes County, OK', 'coming_soon', 0),
('ok-mcclain', 'OK', 'McClain', 'McClain County, OK', 'coming_soon', 0),
('ok-mccurtain', 'OK', 'McCurtain', 'McCurtain County, OK', 'coming_soon', 0),
('ok-mcintosh', 'OK', 'McIntosh', 'McIntosh County, OK', 'coming_soon', 0),
('ok-murray', 'OK', 'Murray', 'Murray County, OK', 'coming_soon', 0),
('ok-muskogee', 'OK', 'Muskogee', 'Muskogee County, OK', 'coming_soon', 0),
('ok-noble', 'OK', 'Noble', 'Noble County, OK', 'coming_soon', 0),
('ok-nowata', 'OK', 'Nowata', 'Nowata County, OK', 'coming_soon', 0),
('ok-okfuskee', 'OK', 'Okfuskee', 'Okfuskee County, OK', 'coming_soon', 0),
('ok-oklahoma', 'OK', 'Oklahoma', 'Oklahoma County, OK', 'coming_soon', 0),
('ok-okmulgee', 'OK', 'Okmulgee', 'Okmulgee County, OK', 'coming_soon', 0),
('ok-osage', 'OK', 'Osage', 'Osage County, OK', 'coming_soon', 0),
('ok-ottawa', 'OK', 'Ottawa', 'Ottawa County, OK', 'coming_soon', 0),
('ok-pawnee', 'OK', 'Pawnee', 'Pawnee County, OK', 'coming_soon', 0),
('ok-payne', 'OK', 'Payne', 'Payne County, OK', 'coming_soon', 0),
('ok-pittsburg', 'OK', 'Pittsburg', 'Pittsburg County, OK', 'coming_soon', 0),
('ok-pontotoc', 'OK', 'Pontotoc', 'Pontotoc County, OK', 'coming_soon', 0),
('ok-pottawatomie', 'OK', 'Pottawatomie', 'Pottawatomie County, OK', 'coming_soon', 0),
('ok-pushmataha', 'OK', 'Pushmataha', 'Pushmataha County, OK', 'coming_soon', 0),
('ok-rogermills', 'OK', 'Roger Mills', 'Roger Mills County, OK', 'coming_soon', 0),
('ok-rogers', 'OK', 'Rogers', 'Rogers County, OK', 'coming_soon', 0),
('ok-seminole', 'OK', 'Seminole', 'Seminole County, OK', 'coming_soon', 0),
('ok-sequoyah', 'OK', 'Sequoyah', 'Sequoyah County, OK', 'coming_soon', 0),
('ok-stephens', 'OK', 'Stephens', 'Stephens County, OK', 'coming_soon', 0),
('ok-texas', 'OK', 'Texas', 'Texas County, OK', 'coming_soon', 0),
('ok-tillman', 'OK', 'Tillman', 'Tillman County, OK', 'coming_soon', 0),
('ok-tulsa', 'OK', 'Tulsa', 'Tulsa County, OK', 'coming_soon', 0),
('ok-wagoner', 'OK', 'Wagoner', 'Wagoner County, OK', 'coming_soon', 0),
('ok-washington', 'OK', 'Washington', 'Washington County, OK', 'coming_soon', 0),
('ok-washita', 'OK', 'Washita', 'Washita County, OK', 'coming_soon', 0),
('ok-woods', 'OK', 'Woods', 'Woods County, OK', 'coming_soon', 0),
('ok-woodward', 'OK', 'Woodward', 'Woodward County, OK', 'coming_soon', 0),

-- Oregon (36 counties)
('or-baker', 'OR', 'Baker', 'Baker County, OR', 'coming_soon', 0),
('or-benton', 'OR', 'Benton', 'Benton County, OR', 'coming_soon', 0),
('or-clackamas', 'OR', 'Clackamas', 'Clackamas County, OR', 'coming_soon', 0),
('or-clatsop', 'OR', 'Clatsop', 'Clatsop County, OR', 'coming_soon', 0),
('or-columbia', 'OR', 'Columbia', 'Columbia County, OR', 'coming_soon', 0),
('or-coos', 'OR', 'Coos', 'Coos County, OR', 'coming_soon', 0),
('or-crook', 'OR', 'Crook', 'Crook County, OR', 'coming_soon', 0),
('or-curry', 'OR', 'Curry', 'Curry County, OR', 'coming_soon', 0),
('or-deschutes', 'OR', 'Deschutes', 'Deschutes County, OR', 'coming_soon', 0),
('or-douglas', 'OR', 'Douglas', 'Douglas County, OR', 'coming_soon', 0),
('or-gilliam', 'OR', 'Gilliam', 'Gilliam County, OR', 'coming_soon', 0),
('or-grant', 'OR', 'Grant', 'Grant County, OR', 'coming_soon', 0),
('or-harney', 'OR', 'Harney', 'Harney County, OR', 'coming_soon', 0),
('or-hoodriver', 'OR', 'Hood River', 'Hood River County, OR', 'coming_soon', 0),
('or-jackson', 'OR', 'Jackson', 'Jackson County, OR', 'coming_soon', 0),
('or-jefferson', 'OR', 'Jefferson', 'Jefferson County, OR', 'coming_soon', 0),
('or-josephine', 'OR', 'Josephine', 'Josephine County, OR', 'coming_soon', 0),
('or-klamath', 'OR', 'Klamath', 'Klamath County, OR', 'coming_soon', 0),
('or-lake', 'OR', 'Lake', 'Lake County, OR', 'coming_soon', 0),
('or-lane', 'OR', 'Lane', 'Lane County, OR', 'coming_soon', 0),
('or-lincoln', 'OR', 'Lincoln', 'Lincoln County, OR', 'coming_soon', 0),
('or-linn', 'OR', 'Linn', 'Linn County, OR', 'coming_soon', 0),
('or-malheur', 'OR', 'Malheur', 'Malheur County, OR', 'coming_soon', 0),
('or-marion', 'OR', 'Marion', 'Marion County, OR', 'coming_soon', 0),
('or-morrow', 'OR', 'Morrow', 'Morrow County, OR', 'coming_soon', 0),
('or-multnomah', 'OR', 'Multnomah', 'Multnomah County, OR', 'coming_soon', 0),
('or-polk', 'OR', 'Polk', 'Polk County, OR', 'coming_soon', 0),
('or-sherman', 'OR', 'Sherman', 'Sherman County, OR', 'coming_soon', 0),
('or-tillamook', 'OR', 'Tillamook', 'Tillamook County, OR', 'coming_soon', 0),
('or-umatilla', 'OR', 'Umatilla', 'Umatilla County, OR', 'coming_soon', 0),
('or-union', 'OR', 'Union', 'Union County, OR', 'coming_soon', 0),
('or-wallowa', 'OR', 'Wallowa', 'Wallowa County, OR', 'coming_soon', 0),
('or-wasco', 'OR', 'Wasco', 'Wasco County, OR', 'coming_soon', 0),
('or-washington', 'OR', 'Washington', 'Washington County, OR', 'coming_soon', 0),
('or-wheeler', 'OR', 'Wheeler', 'Wheeler County, OR', 'coming_soon', 0),
('or-yamhill', 'OR', 'Yamhill', 'Yamhill County, OR', 'coming_soon', 0),

-- Pennsylvania (67 counties)
('pa-adams', 'PA', 'Adams', 'Adams County, PA', 'coming_soon', 0),
('pa-allegheny', 'PA', 'Allegheny', 'Allegheny County, PA', 'coming_soon', 0),
('pa-armstrong', 'PA', 'Armstrong', 'Armstrong County, PA', 'coming_soon', 0),
('pa-beaver', 'PA', 'Beaver', 'Beaver County, PA', 'coming_soon', 0),
('pa-bedford', 'PA', 'Bedford', 'Bedford County, PA', 'coming_soon', 0),
('pa-berks', 'PA', 'Berks', 'Berks County, PA', 'coming_soon', 0),
('pa-blair', 'PA', 'Blair', 'Blair County, PA', 'coming_soon', 0),
('pa-bradford', 'PA', 'Bradford', 'Bradford County, PA', 'coming_soon', 0),
('pa-bucks', 'PA', 'Bucks', 'Bucks County, PA', 'coming_soon', 0),
('pa-butler', 'PA', 'Butler', 'Butler County, PA', 'coming_soon', 0),
('pa-cambria', 'PA', 'Cambria', 'Cambria County, PA', 'coming_soon', 0),
('pa-cameron', 'PA', 'Cameron', 'Cameron County, PA', 'coming_soon', 0),
('pa-carbon', 'PA', 'Carbon', 'Carbon County, PA', 'coming_soon', 0),
('pa-centre', 'PA', 'Centre', 'Centre County, PA', 'coming_soon', 0),
('pa-chester', 'PA', 'Chester', 'Chester County, PA', 'coming_soon', 0),
('pa-clarion', 'PA', 'Clarion', 'Clarion County, PA', 'coming_soon', 0),
('pa-clearfield', 'PA', 'Clearfield', 'Clearfield County, PA', 'coming_soon', 0),
('pa-clinton', 'PA', 'Clinton', 'Clinton County, PA', 'coming_soon', 0),
('pa-columbia', 'PA', 'Columbia', 'Columbia County, PA', 'coming_soon', 0),
('pa-crawford', 'PA', 'Crawford', 'Crawford County, PA', 'coming_soon', 0),
('pa-cumberland', 'PA', 'Cumberland', 'Cumberland County, PA', 'coming_soon', 0),
('pa-dauphin', 'PA', 'Dauphin', 'Dauphin County, PA', 'coming_soon', 0),
('pa-delaware', 'PA', 'Delaware', 'Delaware County, PA', 'coming_soon', 0),
('pa-elk', 'PA', 'Elk', 'Elk County, PA', 'coming_soon', 0),
('pa-erie', 'PA', 'Erie', 'Erie County, PA', 'coming_soon', 0),
('pa-fayette', 'PA', 'Fayette', 'Fayette County, PA', 'coming_soon', 0),
('pa-forest', 'PA', 'Forest', 'Forest County, PA', 'coming_soon', 0),
('pa-franklin', 'PA', 'Franklin', 'Franklin County, PA', 'coming_soon', 0),
('pa-fulton', 'PA', 'Fulton', 'Fulton County, PA', 'coming_soon', 0),
('pa-greene', 'PA', 'Greene', 'Greene County, PA', 'coming_soon', 0),
('pa-huntingdon', 'PA', 'Huntingdon', 'Huntingdon County, PA', 'coming_soon', 0),
('pa-indiana', 'PA', 'Indiana', 'Indiana County, PA', 'coming_soon', 0),
('pa-jefferson', 'PA', 'Jefferson', 'Jefferson County, PA', 'coming_soon', 0),
('pa-juniata', 'PA', 'Juniata', 'Juniata County, PA', 'coming_soon', 0),
('pa-lackawanna', 'PA', 'Lackawanna', 'Lackawanna County, PA', 'coming_soon', 0),
('pa-lancaster', 'PA', 'Lancaster', 'Lancaster County, PA', 'coming_soon', 0),
('pa-lawrence', 'PA', 'Lawrence', 'Lawrence County, PA', 'coming_soon', 0),
('pa-lebanon', 'PA', 'Lebanon', 'Lebanon County, PA', 'coming_soon', 0),
('pa-lehigh', 'PA', 'Lehigh', 'Lehigh County, PA', 'coming_soon', 0),
('pa-luzerne', 'PA', 'Luzerne', 'Luzerne County, PA', 'coming_soon', 0),
('pa-lycoming', 'PA', 'Lycoming', 'Lycoming County, PA', 'coming_soon', 0),
('pa-mckean', 'PA', 'McKean', 'McKean County, PA', 'coming_soon', 0),
('pa-mercer', 'PA', 'Mercer', 'Mercer County, PA', 'coming_soon', 0),
('pa-mifflin', 'PA', 'Mifflin', 'Mifflin County, PA', 'coming_soon', 0),
('pa-monroe', 'PA', 'Monroe', 'Monroe County, PA', 'coming_soon', 0),
('pa-montgomery', 'PA', 'Montgomery', 'Montgomery County, PA', 'coming_soon', 0),
('pa-montour', 'PA', 'Montour', 'Montour County, PA', 'coming_soon', 0),
('pa-northampton', 'PA', 'Northampton', 'Northampton County, PA', 'coming_soon', 0),
('pa-northumberland', 'PA', 'Northumberland', 'Northumberland County, PA', 'coming_soon', 0),
('pa-perry', 'PA', 'Perry', 'Perry County, PA', 'coming_soon', 0),
('pa-philadelphia', 'PA', 'Philadelphia', 'Philadelphia County, PA', 'coming_soon', 0),
('pa-pike', 'PA', 'Pike', 'Pike County, PA', 'coming_soon', 0),
('pa-potter', 'PA', 'Potter', 'Potter County, PA', 'coming_soon', 0),
('pa-schuylkill', 'PA', 'Schuylkill', 'Schuylkill County, PA', 'coming_soon', 0),
('pa-snyder', 'PA', 'Snyder', 'Snyder County, PA', 'coming_soon', 0),
('pa-somerset', 'PA', 'Somerset', 'Somerset County, PA', 'coming_soon', 0),
('pa-sullivan', 'PA', 'Sullivan', 'Sullivan County, PA', 'coming_soon', 0),
('pa-susquehanna', 'PA', 'Susquehanna', 'Susquehanna County, PA', 'coming_soon', 0),
('pa-tioga', 'PA', 'Tioga', 'Tioga County, PA', 'coming_soon', 0),
('pa-union', 'PA', 'Union', 'Union County, PA', 'coming_soon', 0),
('pa-venango', 'PA', 'Venango', 'Venango County, PA', 'coming_soon', 0),
('pa-warren', 'PA', 'Warren', 'Warren County, PA', 'coming_soon', 0),
('pa-washington', 'PA', 'Washington', 'Washington County, PA', 'coming_soon', 0),
('pa-wayne', 'PA', 'Wayne', 'Wayne County, PA', 'coming_soon', 0),
('pa-westmoreland', 'PA', 'Westmoreland', 'Westmoreland County, PA', 'coming_soon', 0),
('pa-wyoming', 'PA', 'Wyoming', 'Wyoming County, PA', 'coming_soon', 0),
('pa-york', 'PA', 'York', 'York County, PA', 'coming_soon', 0),

-- Rhode Island (5 counties)
('ri-bristol', 'RI', 'Bristol', 'Bristol County, RI', 'coming_soon', 0),
('ri-kent', 'RI', 'Kent', 'Kent County, RI', 'coming_soon', 0),
('ri-newport', 'RI', 'Newport', 'Newport County, RI', 'coming_soon', 0),
('ri-providence', 'RI', 'Providence', 'Providence County, RI', 'coming_soon', 0),
('ri-washington', 'RI', 'Washington', 'Washington County, RI', 'coming_soon', 0),

-- South Carolina (46 counties)
('sc-abbeville', 'SC', 'Abbeville', 'Abbeville County, SC', 'coming_soon', 0),
('sc-aiken', 'SC', 'Aiken', 'Aiken County, SC', 'coming_soon', 0),
('sc-allendale', 'SC', 'Allendale', 'Allendale County, SC', 'coming_soon', 0),
('sc-anderson', 'SC', 'Anderson', 'Anderson County, SC', 'coming_soon', 0),
('sc-bamberg', 'SC', 'Bamberg', 'Bamberg County, SC', 'coming_soon', 0),
('sc-barnwell', 'SC', 'Barnwell', 'Barnwell County, SC', 'coming_soon', 0),
('sc-beaufort', 'SC', 'Beaufort', 'Beaufort County, SC', 'coming_soon', 0),
('sc-berkeley', 'SC', 'Berkeley', 'Berkeley County, SC', 'coming_soon', 0),
('sc-calhoun', 'SC', 'Calhoun', 'Calhoun County, SC', 'coming_soon', 0),
('sc-charleston', 'SC', 'Charleston', 'Charleston County, SC', 'coming_soon', 0),
('sc-cherokee', 'SC', 'Cherokee', 'Cherokee County, SC', 'coming_soon', 0),
('sc-chester', 'SC', 'Chester', 'Chester County, SC', 'coming_soon', 0),
('sc-chesterfield', 'SC', 'Chesterfield', 'Chesterfield County, SC', 'coming_soon', 0),
('sc-clarendon', 'SC', 'Clarendon', 'Clarendon County, SC', 'coming_soon', 0),
('sc-colleton', 'SC', 'Colleton', 'Colleton County, SC', 'coming_soon', 0),
('sc-darlington', 'SC', 'Darlington', 'Darlington County, SC', 'coming_soon', 0),
('sc-dillon', 'SC', 'Dillon', 'Dillon County, SC', 'coming_soon', 0),
('sc-dorchester', 'SC', 'Dorchester', 'Dorchester County, SC', 'coming_soon', 0),
('sc-edgefield', 'SC', 'Edgefield', 'Edgefield County, SC', 'coming_soon', 0),
('sc-fairfield', 'SC', 'Fairfield', 'Fairfield County, SC', 'coming_soon', 0),
('sc-florence', 'SC', 'Florence', 'Florence County, SC', 'coming_soon', 0),
('sc-georgetown', 'SC', 'Georgetown', 'Georgetown County, SC', 'coming_soon', 0),
('sc-greenville', 'SC', 'Greenville', 'Greenville County, SC', 'coming_soon', 0),
('sc-greenwood', 'SC', 'Greenwood', 'Greenwood County, SC', 'coming_soon', 0),
('sc-hampton', 'SC', 'Hampton', 'Hampton County, SC', 'coming_soon', 0),
('sc-horry', 'SC', 'Horry', 'Horry County, SC', 'coming_soon', 0),
('sc-jasper', 'SC', 'Jasper', 'Jasper County, SC', 'coming_soon', 0),
('sc-kershaw', 'SC', 'Kershaw', 'Kershaw County, SC', 'coming_soon', 0),
('sc-lancaster', 'SC', 'Lancaster', 'Lancaster County, SC', 'coming_soon', 0),
('sc-laurens', 'SC', 'Laurens', 'Laurens County, SC', 'coming_soon', 0),
('sc-lee', 'SC', 'Lee', 'Lee County, SC', 'coming_soon', 0),
('sc-lexington', 'SC', 'Lexington', 'Lexington County, SC', 'coming_soon', 0),
('sc-mccormick', 'SC', 'McCormick', 'McCormick County, SC', 'coming_soon', 0),
('sc-marion', 'SC', 'Marion', 'Marion County, SC', 'coming_soon', 0),
('sc-marlboro', 'SC', 'Marlboro', 'Marlboro County, SC', 'coming_soon', 0),
('sc-newberry', 'SC', 'Newberry', 'Newberry County, SC', 'coming_soon', 0),
('sc-oconee', 'SC', 'Oconee', 'Oconee County, SC', 'coming_soon', 0),
('sc-orangeburg', 'SC', 'Orangeburg', 'Orangeburg County, SC', 'coming_soon', 0),
('sc-pickens', 'SC', 'Pickens', 'Pickens County, SC', 'coming_soon', 0),
('sc-richland', 'SC', 'Richland', 'Richland County, SC', 'coming_soon', 0),
('sc-saluda', 'SC', 'Saluda', 'Saluda County, SC', 'coming_soon', 0),
('sc-spartanburg', 'SC', 'Spartanburg', 'Spartanburg County, SC', 'coming_soon', 0),
('sc-sumter', 'SC', 'Sumter', 'Sumter County, SC', 'coming_soon', 0),
('sc-union', 'SC', 'Union', 'Union County, SC', 'coming_soon', 0),
('sc-williamsburg', 'SC', 'Williamsburg', 'Williamsburg County, SC', 'coming_soon', 0),
('sc-york', 'SC', 'York', 'York County, SC', 'coming_soon', 0),

-- South Dakota (66 counties)
('sd-aurora', 'SD', 'Aurora', 'Aurora County, SD', 'coming_soon', 0),
('sd-beadle', 'SD', 'Beadle', 'Beadle County, SD', 'coming_soon', 0),
('sd-bennett', 'SD', 'Bennett', 'Bennett County, SD', 'coming_soon', 0),
('sd-bonhomme', 'SD', 'Bon Homme', 'Bon Homme County, SD', 'coming_soon', 0),
('sd-brookings', 'SD', 'Brookings', 'Brookings County, SD', 'coming_soon', 0),
('sd-brown', 'SD', 'Brown', 'Brown County, SD', 'coming_soon', 0),
('sd-brule', 'SD', 'Brule', 'Brule County, SD', 'coming_soon', 0),
('sd-buffalo', 'SD', 'Buffalo', 'Buffalo County, SD', 'coming_soon', 0),
('sd-butte', 'SD', 'Butte', 'Butte County, SD', 'coming_soon', 0),
('sd-campbell', 'SD', 'Campbell', 'Campbell County, SD', 'coming_soon', 0),
('sd-charlesmix', 'SD', 'Charles Mix', 'Charles Mix County, SD', 'coming_soon', 0),
('sd-clark', 'SD', 'Clark', 'Clark County, SD', 'coming_soon', 0),
('sd-clay', 'SD', 'Clay', 'Clay County, SD', 'coming_soon', 0),
('sd-codington', 'SD', 'Codington', 'Codington County, SD', 'coming_soon', 0),
('sd-corson', 'SD', 'Corson', 'Corson County, SD', 'coming_soon', 0),
('sd-custer', 'SD', 'Custer', 'Custer County, SD', 'coming_soon', 0),
('sd-davison', 'SD', 'Davison', 'Davison County, SD', 'coming_soon', 0),
('sd-day', 'SD', 'Day', 'Day County, SD', 'coming_soon', 0),
('sd-deuel', 'SD', 'Deuel', 'Deuel County, SD', 'coming_soon', 0),
('sd-dewey', 'SD', 'Dewey', 'Dewey County, SD', 'coming_soon', 0),
('sd-douglas', 'SD', 'Douglas', 'Douglas County, SD', 'coming_soon', 0),
('sd-edmunds', 'SD', 'Edmunds', 'Edmunds County, SD', 'coming_soon', 0),
('sd-fallriver', 'SD', 'Fall River', 'Fall River County, SD', 'coming_soon', 0),
('sd-faulk', 'SD', 'Faulk', 'Faulk County, SD', 'coming_soon', 0),
('sd-grant', 'SD', 'Grant', 'Grant County, SD', 'coming_soon', 0),
('sd-gregory', 'SD', 'Gregory', 'Gregory County, SD', 'coming_soon', 0),
('sd-haakon', 'SD', 'Haakon', 'Haakon County, SD', 'coming_soon', 0),
('sd-hamlin', 'SD', 'Hamlin', 'Hamlin County, SD', 'coming_soon', 0),
('sd-hand', 'SD', 'Hand', 'Hand County, SD', 'coming_soon', 0),
('sd-hanson', 'SD', 'Hanson', 'Hanson County, SD', 'coming_soon', 0),
('sd-harding', 'SD', 'Harding', 'Harding County, SD', 'coming_soon', 0),
('sd-hughes', 'SD', 'Hughes', 'Hughes County, SD', 'coming_soon', 0),
('sd-hutchinson', 'SD', 'Hutchinson', 'Hutchinson County, SD', 'coming_soon', 0),
('sd-hyde', 'SD', 'Hyde', 'Hyde County, SD', 'coming_soon', 0),
('sd-jackson', 'SD', 'Jackson', 'Jackson County, SD', 'coming_soon', 0),
('sd-jerauld', 'SD', 'Jerauld', 'Jerauld County, SD', 'coming_soon', 0),
('sd-jones', 'SD', 'Jones', 'Jones County, SD', 'coming_soon', 0),
('sd-kingsbury', 'SD', 'Kingsbury', 'Kingsbury County, SD', 'coming_soon', 0),
('sd-lake', 'SD', 'Lake', 'Lake County, SD', 'coming_soon', 0),
('sd-lawrence', 'SD', 'Lawrence', 'Lawrence County, SD', 'coming_soon', 0),
('sd-lincoln', 'SD', 'Lincoln', 'Lincoln County, SD', 'coming_soon', 0),
('sd-lyman', 'SD', 'Lyman', 'Lyman County, SD', 'coming_soon', 0),
('sd-marshall', 'SD', 'Marshall', 'Marshall County, SD', 'coming_soon', 0),
('sd-mccook', 'SD', 'McCook', 'McCook County, SD', 'coming_soon', 0),
('sd-mcpherson', 'SD', 'McPherson', 'McPherson County, SD', 'coming_soon', 0),
('sd-meade', 'SD', 'Meade', 'Meade County, SD', 'coming_soon', 0),
('sd-mellette', 'SD', 'Mellette', 'Mellette County, SD', 'coming_soon', 0),
('sd-miner', 'SD', 'Miner', 'Miner County, SD', 'coming_soon', 0),
('sd-minnehaha', 'SD', 'Minnehaha', 'Minnehaha County, SD', 'coming_soon', 0),
('sd-moody', 'SD', 'Moody', 'Moody County, SD', 'coming_soon', 0),
('sd-pennington', 'SD', 'Pennington', 'Pennington County, SD', 'coming_soon', 0),
('sd-perkins', 'SD', 'Perkins', 'Perkins County, SD', 'coming_soon', 0),
('sd-potter', 'SD', 'Potter', 'Potter County, SD', 'coming_soon', 0),
('sd-roberts', 'SD', 'Roberts', 'Roberts County, SD', 'coming_soon', 0),
('sd-sanborn', 'SD', 'Sanborn', 'Sanborn County, SD', 'coming_soon', 0),
('sd-shannon', 'SD', 'Shannon', 'Shannon County, SD', 'coming_soon', 0),
('sd-spink', 'SD', 'Spink', 'Spink County, SD', 'coming_soon', 0),
('sd-stanley', 'SD', 'Stanley', 'Stanley County, SD', 'coming_soon', 0),
('sd-sully', 'SD', 'Sully', 'Sully County, SD', 'coming_soon', 0),
('sd-todd', 'SD', 'Todd', 'Todd County, SD', 'coming_soon', 0),
('sd-tripp', 'SD', 'Tripp', 'Tripp County, SD', 'coming_soon', 0),
('sd-turner', 'SD', 'Turner', 'Turner County, SD', 'coming_soon', 0),
('sd-union', 'SD', 'Union', 'Union County, SD', 'coming_soon', 0),
('sd-walworth', 'SD', 'Walworth', 'Walworth County, SD', 'coming_soon', 0),
('sd-yankton', 'SD', 'Yankton', 'Yankton County, SD', 'coming_soon', 0),
('sd-ziebach', 'SD', 'Ziebach', 'Ziebach County, SD', 'coming_soon', 0),

-- Tennessee (95 counties)
('tn-anderson', 'TN', 'Anderson', 'Anderson County, TN', 'coming_soon', 0),
('tn-bedford', 'TN', 'Bedford', 'Bedford County, TN', 'coming_soon', 0),
('tn-benton', 'TN', 'Benton', 'Benton County, TN', 'coming_soon', 0),
('tn-bledsoe', 'TN', 'Bledsoe', 'Bledsoe County, TN', 'coming_soon', 0),
('tn-blount', 'TN', 'Blount', 'Blount County, TN', 'coming_soon', 0),
('tn-bradley', 'TN', 'Bradley', 'Bradley County, TN', 'coming_soon', 0),
('tn-campbell', 'TN', 'Campbell', 'Campbell County, TN', 'coming_soon', 0),
('tn-cannon', 'TN', 'Cannon', 'Cannon County, TN', 'coming_soon', 0),
('tn-carroll', 'TN', 'Carroll', 'Carroll County, TN', 'coming_soon', 0),
('tn-carter', 'TN', 'Carter', 'Carter County, TN', 'coming_soon', 0),
('tn-cheatham', 'TN', 'Cheatham', 'Cheatham County, TN', 'coming_soon', 0),
('tn-chester', 'TN', 'Chester', 'Chester County, TN', 'coming_soon', 0),
('tn-claiborne', 'TN', 'Claiborne', 'Claiborne County, TN', 'coming_soon', 0),
('tn-clay', 'TN', 'Clay', 'Clay County, TN', 'coming_soon', 0),
('tn-cocke', 'TN', 'Cocke', 'Cocke County, TN', 'coming_soon', 0),
('tn-coffee', 'TN', 'Coffee', 'Coffee County, TN', 'coming_soon', 0),
('tn-crockett', 'TN', 'Crockett', 'Crockett County, TN', 'coming_soon', 0),
('tn-cumberland', 'TN', 'Cumberland', 'Cumberland County, TN', 'coming_soon', 0),
('tn-davidson', 'TN', 'Davidson', 'Davidson County, TN', 'coming_soon', 0),
('tn-decatur', 'TN', 'Decatur', 'Decatur County, TN', 'coming_soon', 0),
('tn-dekalb', 'TN', 'DeKalb', 'DeKalb County, TN', 'coming_soon', 0),
('tn-dickson', 'TN', 'Dickson', 'Dickson County, TN', 'coming_soon', 0),
('tn-dyer', 'TN', 'Dyer', 'Dyer County, TN', 'coming_soon', 0),
('tn-fayette', 'TN', 'Fayette', 'Fayette County, TN', 'coming_soon', 0),
('tn-fentress', 'TN', 'Fentress', 'Fentress County, TN', 'coming_soon', 0),
('tn-franklin', 'TN', 'Franklin', 'Franklin County, TN', 'coming_soon', 0),
('tn-gibson', 'TN', 'Gibson', 'Gibson County, TN', 'coming_soon', 0),
('tn-giles', 'TN', 'Giles', 'Giles County, TN', 'coming_soon', 0),
('tn-grainger', 'TN', 'Grainger', 'Grainger County, TN', 'coming_soon', 0),
('tn-greene', 'TN', 'Greene', 'Greene County, TN', 'coming_soon', 0),
('tn-grundy', 'TN', 'Grundy', 'Grundy County, TN', 'coming_soon', 0),
('tn-hamblen', 'TN', 'Hamblen', 'Hamblen County, TN', 'coming_soon', 0),
('tn-hamilton', 'TN', 'Hamilton', 'Hamilton County, TN', 'coming_soon', 0),
('tn-hancock', 'TN', 'Hancock', 'Hancock County, TN', 'coming_soon', 0),
('tn-hardeman', 'TN', 'Hardeman', 'Hardeman County, TN', 'coming_soon', 0),
('tn-hardin', 'TN', 'Hardin', 'Hardin County, TN', 'coming_soon', 0),
('tn-hawkins', 'TN', 'Hawkins', 'Hawkins County, TN', 'coming_soon', 0),
('tn-haywood', 'TN', 'Haywood', 'Haywood County, TN', 'coming_soon', 0),
('tn-henderson', 'TN', 'Henderson', 'Henderson County, TN', 'coming_soon', 0),
('tn-henry', 'TN', 'Henry', 'Henry County, TN', 'coming_soon', 0),
('tn-hickman', 'TN', 'Hickman', 'Hickman County, TN', 'coming_soon', 0),
('tn-houston', 'TN', 'Houston', 'Houston County, TN', 'coming_soon', 0),
('tn-humphreys', 'TN', 'Humphreys', 'Humphreys County, TN', 'coming_soon', 0),
('tn-jackson', 'TN', 'Jackson', 'Jackson County, TN', 'coming_soon', 0),
('tn-jefferson', 'TN', 'Jefferson', 'Jefferson County, TN', 'coming_soon', 0),
('tn-johnson', 'TN', 'Johnson', 'Johnson County, TN', 'coming_soon', 0),
('tn-knox', 'TN', 'Knox', 'Knox County, TN', 'coming_soon', 0),
('tn-lake', 'TN', 'Lake', 'Lake County, TN', 'coming_soon', 0),
('tn-lauderdale', 'TN', 'Lauderdale', 'Lauderdale County, TN', 'coming_soon', 0),
('tn-lawrence', 'TN', 'Lawrence', 'Lawrence County, TN', 'coming_soon', 0),
('tn-lewis', 'TN', 'Lewis', 'Lewis County, TN', 'coming_soon', 0),
('tn-lincoln', 'TN', 'Lincoln', 'Lincoln County, TN', 'coming_soon', 0),
('tn-loudon', 'TN', 'Loudon', 'Loudon County, TN', 'coming_soon', 0),
('tn-macon', 'TN', 'Macon', 'Macon County, TN', 'coming_soon', 0),
('tn-madison', 'TN', 'Madison', 'Madison County, TN', 'coming_soon', 0),
('tn-marion', 'TN', 'Marion', 'Marion County, TN', 'coming_soon', 0),
('tn-marshall', 'TN', 'Marshall', 'Marshall County, TN', 'coming_soon', 0),
('tn-maury', 'TN', 'Maury', 'Maury County, TN', 'coming_soon', 0),
('tn-mcminn', 'TN', 'McMinn', 'McMinn County, TN', 'coming_soon', 0),
('tn-mcnairy', 'TN', 'McNairy', 'McNairy County, TN', 'coming_soon', 0),
('tn-meigs', 'TN', 'Meigs', 'Meigs County, TN', 'coming_soon', 0),
('tn-monroe', 'TN', 'Monroe', 'Monroe County, TN', 'coming_soon', 0),
('tn-montgomery', 'TN', 'Montgomery', 'Montgomery County, TN', 'coming_soon', 0),
('tn-moore', 'TN', 'Moore', 'Moore County, TN', 'coming_soon', 0),
('tn-morgan', 'TN', 'Morgan', 'Morgan County, TN', 'coming_soon', 0),
('tn-obion', 'TN', 'Obion', 'Obion County, TN', 'coming_soon', 0),
('tn-overton', 'TN', 'Overton', 'Overton County, TN', 'coming_soon', 0),
('tn-perry', 'TN', 'Perry', 'Perry County, TN', 'coming_soon', 0),
('tn-pickett', 'TN', 'Pickett', 'Pickett County, TN', 'coming_soon', 0),
('tn-polk', 'TN', 'Polk', 'Polk County, TN', 'coming_soon', 0),
('tn-putnam', 'TN', 'Putnam', 'Putnam County, TN', 'coming_soon', 0),
('tn-rhea', 'TN', 'Rhea', 'Rhea County, TN', 'coming_soon', 0),
('tn-roane', 'TN', 'Roane', 'Roane County, TN', 'coming_soon', 0),
('tn-robertson', 'TN', 'Robertson', 'Robertson County, TN', 'coming_soon', 0),
('tn-rutherford', 'TN', 'Rutherford', 'Rutherford County, TN', 'coming_soon', 0),
('tn-scott', 'TN', 'Scott', 'Scott County, TN', 'coming_soon', 0),
('tn-sequatchie', 'TN', 'Sequatchie', 'Sequatchie County, TN', 'coming_soon', 0),
('tn-sevier', 'TN', 'Sevier', 'Sevier County, TN', 'coming_soon', 0),
('tn-shelby', 'TN', 'Shelby', 'Shelby County, TN', 'coming_soon', 0),
('tn-smith', 'TN', 'Smith', 'Smith County, TN', 'coming_soon', 0),
('tn-stewart', 'TN', 'Stewart', 'Stewart County, TN', 'coming_soon', 0),
('tn-sullivan', 'TN', 'Sullivan', 'Sullivan County, TN', 'coming_soon', 0),
('tn-sumner', 'TN', 'Sumner', 'Sumner County, TN', 'coming_soon', 0),
('tn-tipton', 'TN', 'Tipton', 'Tipton County, TN', 'coming_soon', 0),
('tn-trousdale', 'TN', 'Trousdale', 'Trousdale County, TN', 'coming_soon', 0),
('tn-unicoi', 'TN', 'Unicoi', 'Unicoi County, TN', 'coming_soon', 0),
('tn-union', 'TN', 'Union', 'Union County, TN', 'coming_soon', 0),
('tn-vanburen', 'TN', 'Van Buren', 'Van Buren County, TN', 'coming_soon', 0),
('tn-warren', 'TN', 'Warren', 'Warren County, TN', 'coming_soon', 0),
('tn-washington', 'TN', 'Washington', 'Washington County, TN', 'coming_soon', 0),
('tn-wayne', 'TN', 'Wayne', 'Wayne County, TN', 'coming_soon', 0),
('tn-weakley', 'TN', 'Weakley', 'Weakley County, TN', 'coming_soon', 0),
('tn-white', 'TN', 'White', 'White County, TN', 'coming_soon', 0),
('tn-williamson', 'TN', 'Williamson', 'Williamson County, TN', 'coming_soon', 0),
('tn-wilson', 'TN', 'Wilson', 'Wilson County, TN', 'coming_soon', 0),

-- Utah (29 counties)
('ut-beaver', 'UT', 'Beaver', 'Beaver County, UT', 'coming_soon', 0),
('ut-boxelder', 'UT', 'Box Elder', 'Box Elder County, UT', 'coming_soon', 0),
('ut-cache', 'UT', 'Cache', 'Cache County, UT', 'coming_soon', 0),
('ut-carbon', 'UT', 'Carbon', 'Carbon County, UT', 'coming_soon', 0),
('ut-daggett', 'UT', 'Daggett', 'Daggett County, UT', 'coming_soon', 0),
('ut-davis', 'UT', 'Davis', 'Davis County, UT', 'coming_soon', 0),
('ut-duchesne', 'UT', 'Duchesne', 'Duchesne County, UT', 'coming_soon', 0),
('ut-emery', 'UT', 'Emery', 'Emery County, UT', 'coming_soon', 0),
('ut-garfield', 'UT', 'Garfield', 'Garfield County, UT', 'coming_soon', 0),
('ut-grand', 'UT', 'Grand', 'Grand County, UT', 'coming_soon', 0),
('ut-iron', 'UT', 'Iron', 'Iron County, UT', 'coming_soon', 0),
('ut-juab', 'UT', 'Juab', 'Juab County, UT', 'coming_soon', 0),
('ut-kane', 'UT', 'Kane', 'Kane County, UT', 'coming_soon', 0),
('ut-millard', 'UT', 'Millard', 'Millard County, UT', 'coming_soon', 0),
('ut-morgan', 'UT', 'Morgan', 'Morgan County, UT', 'coming_soon', 0),
('ut-piute', 'UT', 'Piute', 'Piute County, UT', 'coming_soon', 0),
('ut-rich', 'UT', 'Rich', 'Rich County, UT', 'coming_soon', 0),
('ut-saltlake', 'UT', 'Salt Lake', 'Salt Lake County, UT', 'coming_soon', 0),
('ut-sanjuan', 'UT', 'San Juan', 'San Juan County, UT', 'coming_soon', 0),
('ut-sanpete', 'UT', 'Sanpete', 'Sanpete County, UT', 'coming_soon', 0),
('ut-sevier', 'UT', 'Sevier', 'Sevier County, UT', 'coming_soon', 0),
('ut-summit', 'UT', 'Summit', 'Summit County, UT', 'coming_soon', 0),
('ut-tooele', 'UT', 'Tooele', 'Tooele County, UT', 'coming_soon', 0),
('ut-uintah', 'UT', 'Uintah', 'Uintah County, UT', 'coming_soon', 0),
('ut-utah', 'UT', 'Utah', 'Utah County, UT', 'coming_soon', 0),
('ut-wasatch', 'UT', 'Wasatch', 'Wasatch County, UT', 'coming_soon', 0),
('ut-washington', 'UT', 'Washington', 'Washington County, UT', 'coming_soon', 0),
('ut-wayne', 'UT', 'Wayne', 'Wayne County, UT', 'coming_soon', 0),
('ut-weber', 'UT', 'Weber', 'Weber County, UT', 'coming_soon', 0),

-- Vermont (14 counties)
('vt-addison', 'VT', 'Addison', 'Addison County, VT', 'coming_soon', 0),
('vt-bennington', 'VT', 'Bennington', 'Bennington County, VT', 'coming_soon', 0),
('vt-caledonia', 'VT', 'Caledonia', 'Caledonia County, VT', 'coming_soon', 0),
('vt-chittenden', 'VT', 'Chittenden', 'Chittenden County, VT', 'coming_soon', 0),
('vt-essex', 'VT', 'Essex', 'Essex County, VT', 'coming_soon', 0),
('vt-franklin', 'VT', 'Franklin', 'Franklin County, VT', 'coming_soon', 0),
('vt-grandisle', 'VT', 'Grand Isle', 'Grand Isle County, VT', 'coming_soon', 0),
('vt-lamoille', 'VT', 'Lamoille', 'Lamoille County, VT', 'coming_soon', 0),
('vt-orange', 'VT', 'Orange', 'Orange County, VT', 'coming_soon', 0),
('vt-orleans', 'VT', 'Orleans', 'Orleans County, VT', 'coming_soon', 0),
('vt-rutland', 'VT', 'Rutland', 'Rutland County, VT', 'coming_soon', 0),
('vt-washington', 'VT', 'Washington', 'Washington County, VT', 'coming_soon', 0),
('vt-windham', 'VT', 'Windham', 'Windham County, VT', 'coming_soon', 0),
('vt-windsor', 'VT', 'Windsor', 'Windsor County, VT', 'coming_soon', 0),

-- Virginia (95 counties + 38 independent cities = 133 total, showing counties)
('va-accomack', 'VA', 'Accomack', 'Accomack County, VA', 'coming_soon', 0),
('va-albemarle', 'VA', 'Albemarle', 'Albemarle County, VA', 'coming_soon', 0),
('va-alleghany', 'VA', 'Alleghany', 'Alleghany County, VA', 'coming_soon', 0),
('va-amelia', 'VA', 'Amelia', 'Amelia County, VA', 'coming_soon', 0),
('va-amherst', 'VA', 'Amherst', 'Amherst County, VA', 'coming_soon', 0),
('va-appomattox', 'VA', 'Appomattox', 'Appomattox County, VA', 'coming_soon', 0),
('va-arlington', 'VA', 'Arlington', 'Arlington County, VA', 'coming_soon', 0),
('va-augusta', 'VA', 'Augusta', 'Augusta County, VA', 'coming_soon', 0),
('va-bath', 'VA', 'Bath', 'Bath County, VA', 'coming_soon', 0),
('va-bedford', 'VA', 'Bedford', 'Bedford County, VA', 'coming_soon', 0),
('va-bland', 'VA', 'Bland', 'Bland County, VA', 'coming_soon', 0),
('va-botetourt', 'VA', 'Botetourt', 'Botetourt County, VA', 'coming_soon', 0),
('va-brunswick', 'VA', 'Brunswick', 'Brunswick County, VA', 'coming_soon', 0),
('va-buchanan', 'VA', 'Buchanan', 'Buchanan County, VA', 'coming_soon', 0),
('va-buckingham', 'VA', 'Buckingham', 'Buckingham County, VA', 'coming_soon', 0),
('va-campbell', 'VA', 'Campbell', 'Campbell County, VA', 'coming_soon', 0),
('va-caroline', 'VA', 'Caroline', 'Caroline County, VA', 'coming_soon', 0),
('va-carroll', 'VA', 'Carroll', 'Carroll County, VA', 'coming_soon', 0),
('va-charlescity', 'VA', 'Charles City', 'Charles City County, VA', 'coming_soon', 0),
('va-charlotte', 'VA', 'Charlotte', 'Charlotte County, VA', 'coming_soon', 0),
('va-chesterfield', 'VA', 'Chesterfield', 'Chesterfield County, VA', 'coming_soon', 0),
('va-clarke', 'VA', 'Clarke', 'Clarke County, VA', 'coming_soon', 0),
('va-craig', 'VA', 'Craig', 'Craig County, VA', 'coming_soon', 0),
('va-culpeper', 'VA', 'Culpeper', 'Culpeper County, VA', 'coming_soon', 0),
('va-cumberland', 'VA', 'Cumberland', 'Cumberland County, VA', 'coming_soon', 0),
('va-dickenson', 'VA', 'Dickenson', 'Dickenson County, VA', 'coming_soon', 0),
('va-dinwiddie', 'VA', 'Dinwiddie', 'Dinwiddie County, VA', 'coming_soon', 0),
('va-essex', 'VA', 'Essex', 'Essex County, VA', 'coming_soon', 0),
('va-fairfax', 'VA', 'Fairfax', 'Fairfax County, VA', 'coming_soon', 0),
('va-fauquier', 'VA', 'Fauquier', 'Fauquier County, VA', 'coming_soon', 0),
('va-floyd', 'VA', 'Floyd', 'Floyd County, VA', 'coming_soon', 0),
('va-fluvanna', 'VA', 'Fluvanna', 'Fluvanna County, VA', 'coming_soon', 0),
('va-franklin', 'VA', 'Franklin', 'Franklin County, VA', 'coming_soon', 0),
('va-frederick', 'VA', 'Frederick', 'Frederick County, VA', 'coming_soon', 0),
('va-giles', 'VA', 'Giles', 'Giles County, VA', 'coming_soon', 0),
('va-gloucester', 'VA', 'Gloucester', 'Gloucester County, VA', 'coming_soon', 0),
('va-goochland', 'VA', 'Goochland', 'Goochland County, VA', 'coming_soon', 0),
('va-grayson', 'VA', 'Grayson', 'Grayson County, VA', 'coming_soon', 0),
('va-greene', 'VA', 'Greene', 'Greene County, VA', 'coming_soon', 0),
('va-greensville', 'VA', 'Greensville', 'Greensville County, VA', 'coming_soon', 0),
('va-halifax', 'VA', 'Halifax', 'Halifax County, VA', 'coming_soon', 0),
('va-hanover', 'VA', 'Hanover', 'Hanover County, VA', 'coming_soon', 0),
('va-henrico', 'VA', 'Henrico', 'Henrico County, VA', 'coming_soon', 0),
('va-henry', 'VA', 'Henry', 'Henry County, VA', 'coming_soon', 0),
('va-highland', 'VA', 'Highland', 'Highland County, VA', 'coming_soon', 0),
('va-isleofwight', 'VA', 'Isle of Wight', 'Isle of Wight County, VA', 'coming_soon', 0),
('va-jamesCity', 'VA', 'James City', 'James City County, VA', 'coming_soon', 0),
('va-kingandqueen', 'VA', 'King and Queen', 'King and Queen County, VA', 'coming_soon', 0),
('va-kinggeorge', 'VA', 'King George', 'King George County, VA', 'coming_soon', 0),
('va-kingwilliam', 'VA', 'King William', 'King William County, VA', 'coming_soon', 0),
('va-lancaster', 'VA', 'Lancaster', 'Lancaster County, VA', 'coming_soon', 0),
('va-lee', 'VA', 'Lee', 'Lee County, VA', 'coming_soon', 0),
('va-loudoun', 'VA', 'Loudoun', 'Loudoun County, VA', 'coming_soon', 0),
('va-louisa', 'VA', 'Louisa', 'Louisa County, VA', 'coming_soon', 0),
('va-lunenburg', 'VA', 'Lunenburg', 'Lunenburg County, VA', 'coming_soon', 0),
('va-madison', 'VA', 'Madison', 'Madison County, VA', 'coming_soon', 0),
('va-mathews', 'VA', 'Mathews', 'Mathews County, VA', 'coming_soon', 0),
('va-mecklenburg', 'VA', 'Mecklenburg', 'Mecklenburg County, VA', 'coming_soon', 0),
('va-middlesex', 'VA', 'Middlesex', 'Middlesex County, VA', 'coming_soon', 0),
('va-montgomery', 'VA', 'Montgomery', 'Montgomery County, VA', 'coming_soon', 0),
('va-nelson', 'VA', 'Nelson', 'Nelson County, VA', 'coming_soon', 0),
('va-newkent', 'VA', 'New Kent', 'New Kent County, VA', 'coming_soon', 0),
('va-northampton', 'VA', 'Northampton', 'Northampton County, VA', 'coming_soon', 0),
('va-northumberland', 'VA', 'Northumberland', 'Northumberland County, VA', 'coming_soon', 0),
('va-nottoway', 'VA', 'Nottoway', 'Nottoway County, VA', 'coming_soon', 0),
('va-orange', 'VA', 'Orange', 'Orange County, VA', 'coming_soon', 0),
('va-page', 'VA', 'Page', 'Page County, VA', 'coming_soon', 0),
('va-patrick', 'VA', 'Patrick', 'Patrick County, VA', 'coming_soon', 0),
('va-pittsylvania', 'VA', 'Pittsylvania', 'Pittsylvania County, VA', 'coming_soon', 0),
('va-powhatan', 'VA', 'Powhatan', 'Powhatan County, VA', 'coming_soon', 0),
('va-princeEdward', 'VA', 'Prince Edward', 'Prince Edward County, VA', 'coming_soon', 0),
('va-princegeorge', 'VA', 'Prince George', 'Prince George County, VA', 'coming_soon', 0),
('va-princewilliam', 'VA', 'Prince William', 'Prince William County, VA', 'coming_soon', 0),
('va-pulaski', 'VA', 'Pulaski', 'Pulaski County, VA', 'coming_soon', 0),
('va-rappahannock', 'VA', 'Rappahannock', 'Rappahannock County, VA', 'coming_soon', 0),
('va-richmond', 'VA', 'Richmond', 'Richmond County, VA', 'coming_soon', 0),
('va-roanoke', 'VA', 'Roanoke', 'Roanoke County, VA', 'coming_soon', 0),
('va-rockbridge', 'VA', 'Rockbridge', 'Rockbridge County, VA', 'coming_soon', 0),
('va-rockingham', 'VA', 'Rockingham', 'Rockingham County, VA', 'coming_soon', 0),
('va-russell', 'VA', 'Russell', 'Russell County, VA', 'coming_soon', 0),
('va-scott', 'VA', 'Scott', 'Scott County, VA', 'coming_soon', 0),
('va-shenandoah', 'VA', 'Shenandoah', 'Shenandoah County, VA', 'coming_soon', 0),
('va-smyth', 'VA', 'Smyth', 'Smyth County, VA', 'coming_soon', 0),
('va-southampton', 'VA', 'Southampton', 'Southampton County, VA', 'coming_soon', 0),
('va-spotsylvania', 'VA', 'Spotsylvania', 'Spotsylvania County, VA', 'coming_soon', 0),
('va-stafford', 'VA', 'Stafford', 'Stafford County, VA', 'coming_soon', 0),
('va-surry', 'VA', 'Surry', 'Surry County, VA', 'coming_soon', 0),
('va-sussex', 'VA', 'Sussex', 'Sussex County, VA', 'coming_soon', 0),
('va-tazewell', 'VA', 'Tazewell', 'Tazewell County, VA', 'coming_soon', 0),
('va-warren', 'VA', 'Warren', 'Warren County, VA', 'coming_soon', 0),
('va-washington', 'VA', 'Washington', 'Washington County, VA', 'coming_soon', 0),
('va-westmoreland', 'VA', 'Westmoreland', 'Westmoreland County, VA', 'coming_soon', 0),
('va-wise', 'VA', 'Wise', 'Wise County, VA', 'coming_soon', 0),
('va-wythe', 'VA', 'Wythe', 'Wythe County, VA', 'coming_soon', 0),
('va-york', 'VA', 'York', 'York County, VA', 'coming_soon', 0),

-- Washington (39 counties)
('wa-adams', 'WA', 'Adams', 'Adams County, WA', 'coming_soon', 0),
('wa-asotin', 'WA', 'Asotin', 'Asotin County, WA', 'coming_soon', 0),
('wa-benton', 'WA', 'Benton', 'Benton County, WA', 'coming_soon', 0),
('wa-chelan', 'WA', 'Chelan', 'Chelan County, WA', 'coming_soon', 0),
('wa-clallam', 'WA', 'Clallam', 'Clallam County, WA', 'coming_soon', 0),
('wa-clark', 'WA', 'Clark', 'Clark County, WA', 'coming_soon', 0),
('wa-columbia', 'WA', 'Columbia', 'Columbia County, WA', 'coming_soon', 0),
('wa-cowlitz', 'WA', 'Cowlitz', 'Cowlitz County, WA', 'coming_soon', 0),
('wa-douglas', 'WA', 'Douglas', 'Douglas County, WA', 'coming_soon', 0),
('wa-ferry', 'WA', 'Ferry', 'Ferry County, WA', 'coming_soon', 0),
('wa-franklin', 'WA', 'Franklin', 'Franklin County, WA', 'coming_soon', 0),
('wa-garfield', 'WA', 'Garfield', 'Garfield County, WA', 'coming_soon', 0),
('wa-grant', 'WA', 'Grant', 'Grant County, WA', 'coming_soon', 0),
('wa-graysharbor', 'WA', 'Grays Harbor', 'Grays Harbor County, WA', 'coming_soon', 0),
('wa-island', 'WA', 'Island', 'Island County, WA', 'coming_soon', 0),
('wa-jefferson', 'WA', 'Jefferson', 'Jefferson County, WA', 'coming_soon', 0),
('wa-king', 'WA', 'King', 'King County, WA', 'coming_soon', 0),
('wa-kitsap', 'WA', 'Kitsap', 'Kitsap County, WA', 'coming_soon', 0),
('wa-kittitas', 'WA', 'Kittitas', 'Kittitas County, WA', 'coming_soon', 0),
('wa-klickitat', 'WA', 'Klickitat', 'Klickitat County, WA', 'coming_soon', 0),
('wa-lewis', 'WA', 'Lewis', 'Lewis County, WA', 'coming_soon', 0),
('wa-lincoln', 'WA', 'Lincoln', 'Lincoln County, WA', 'coming_soon', 0),
('wa-mason', 'WA', 'Mason', 'Mason County, WA', 'coming_soon', 0),
('wa-okanogan', 'WA', 'Okanogan', 'Okanogan County, WA', 'coming_soon', 0),
('wa-pacific', 'WA', 'Pacific', 'Pacific County, WA', 'coming_soon', 0),
('wa-pendoreille', 'WA', 'Pend Oreille', 'Pend Oreille County, WA', 'coming_soon', 0),
('wa-pierce', 'WA', 'Pierce', 'Pierce County, WA', 'coming_soon', 0),
('wa-sanjuan', 'WA', 'San Juan', 'San Juan County, WA', 'coming_soon', 0),
('wa-skagit', 'WA', 'Skagit', 'Skagit County, WA', 'coming_soon', 0),
('wa-skamania', 'WA', 'Skamania', 'Skamania County, WA', 'coming_soon', 0),
('wa-snohomish', 'WA', 'Snohomish', 'Snohomish County, WA', 'coming_soon', 0),
('wa-spokane', 'WA', 'Spokane', 'Spokane County, WA', 'coming_soon', 0),
('wa-stevens', 'WA', 'Stevens', 'Stevens County, WA', 'coming_soon', 0),
('wa-thurston', 'WA', 'Thurston', 'Thurston County, WA', 'coming_soon', 0),
('wa-wahkiakum', 'WA', 'Wahkiakum', 'Wahkiakum County, WA', 'coming_soon', 0),
('wa-walawala', 'WA', 'Walla Walla', 'Walla Walla County, WA', 'coming_soon', 0),
('wa-whatcom', 'WA', 'Whatcom', 'Whatcom County, WA', 'coming_soon', 0),
('wa-whitman', 'WA', 'Whitman', 'Whitman County, WA', 'coming_soon', 0),
('wa-yakima', 'WA', 'Yakima', 'Yakima County, WA', 'coming_soon', 0),

-- West Virginia (55 counties)
('wv-barbour', 'WV', 'Barbour', 'Barbour County, WV', 'coming_soon', 0),
('wv-berkeley', 'WV', 'Berkeley', 'Berkeley County, WV', 'coming_soon', 0),
('wv-boone', 'WV', 'Boone', 'Boone County, WV', 'coming_soon', 0),
('wv-braxton', 'WV', 'Braxton', 'Braxton County, WV', 'coming_soon', 0),
('wv-brooke', 'WV', 'Brooke', 'Brooke County, WV', 'coming_soon', 0),
('wv-cabell', 'WV', 'Cabell', 'Cabell County, WV', 'coming_soon', 0),
('wv-calhoun', 'WV', 'Calhoun', 'Calhoun County, WV', 'coming_soon', 0),
('wv-clay', 'WV', 'Clay', 'Clay County, WV', 'coming_soon', 0),
('wv-doddridge', 'WV', 'Doddridge', 'Doddridge County, WV', 'coming_soon', 0),
('wv-fayette', 'WV', 'Fayette', 'Fayette County, WV', 'coming_soon', 0),
('wv-gilmer', 'WV', 'Gilmer', 'Gilmer County, WV', 'coming_soon', 0),
('wv-grant', 'WV', 'Grant', 'Grant County, WV', 'coming_soon', 0),
('wv-greenbrier', 'WV', 'Greenbrier', 'Greenbrier County, WV', 'coming_soon', 0),
('wv-hampshire', 'WV', 'Hampshire', 'Hampshire County, WV', 'coming_soon', 0),
('wv-hancock', 'WV', 'Hancock', 'Hancock County, WV', 'coming_soon', 0),
('wv-hardy', 'WV', 'Hardy', 'Hardy County, WV', 'coming_soon', 0),
('wv-harrison', 'WV', 'Harrison', 'Harrison County, WV', 'coming_soon', 0),
('wv-jackson', 'WV', 'Jackson', 'Jackson County, WV', 'coming_soon', 0),
('wv-jefferson', 'WV', 'Jefferson', 'Jefferson County, WV', 'coming_soon', 0),
('wv-kanawha', 'WV', 'Kanawha', 'Kanawha County, WV', 'coming_soon', 0),
('wv-lewis', 'WV', 'Lewis', 'Lewis County, WV', 'coming_soon', 0),
('wv-lincoln', 'WV', 'Lincoln', 'Lincoln County, WV', 'coming_soon', 0),
('wv-logan', 'WV', 'Logan', 'Logan County, WV', 'coming_soon', 0),
('wv-mcdowell', 'WV', 'McDowell', 'McDowell County, WV', 'coming_soon', 0),
('wv-marion', 'WV', 'Marion', 'Marion County, WV', 'coming_soon', 0),
('wv-marshall', 'WV', 'Marshall', 'Marshall County, WV', 'coming_soon', 0),
('wv-mason', 'WV', 'Mason', 'Mason County, WV', 'coming_soon', 0),
('wv-mercer', 'WV', 'Mercer', 'Mercer County, WV', 'coming_soon', 0),
('wv-mineral', 'WV', 'Mineral', 'Mineral County, WV', 'coming_soon', 0),
('wv-mingo', 'WV', 'Mingo', 'Mingo County, WV', 'coming_soon', 0),
('wv-monongalia', 'WV', 'Monongalia', 'Monongalia County, WV', 'coming_soon', 0),
('wv-monroe', 'WV', 'Monroe', 'Monroe County, WV', 'coming_soon', 0),
('wv-morgan', 'WV', 'Morgan', 'Morgan County, WV', 'coming_soon', 0),
('wv-nicholas', 'WV', 'Nicholas', 'Nicholas County, WV', 'coming_soon', 0),
('wv-ohio', 'WV', 'Ohio', 'Ohio County, WV', 'coming_soon', 0),
('wv-pendleton', 'WV', 'Pendleton', 'Pendleton County, WV', 'coming_soon', 0),
('wv-pleasants', 'WV', 'Pleasants', 'Pleasants County, WV', 'coming_soon', 0),
('wv-pocahontas', 'WV', 'Pocahontas', 'Pocahontas County, WV', 'coming_soon', 0),
('wv-preston', 'WV', 'Preston', 'Preston County, WV', 'coming_soon', 0),
('wv-putnam', 'WV', 'Putnam', 'Putnam County, WV', 'coming_soon', 0),
('wv-raleigh', 'WV', 'Raleigh', 'Raleigh County, WV', 'coming_soon', 0),
('wv-randolph', 'WV', 'Randolph', 'Randolph County, WV', 'coming_soon', 0),
('wv-ritchie', 'WV', 'Ritchie', 'Ritchie County, WV', 'coming_soon', 0),
('wv-roane', 'WV', 'Roane', 'Roane County, WV', 'coming_soon', 0),
('wv-summers', 'WV', 'Summers', 'Summers County, WV', 'coming_soon', 0),
('wv-taylor', 'WV', 'Taylor', 'Taylor County, WV', 'coming_soon', 0),
('wv-tucker', 'WV', 'Tucker', 'Tucker County, WV', 'coming_soon', 0),
('wv-tyler', 'WV', 'Tyler', 'Tyler County, WV', 'coming_soon', 0),
('wv-upshur', 'WV', 'Upshur', 'Upshur County, WV', 'coming_soon', 0),
('wv-wayne', 'WV', 'Wayne', 'Wayne County, WV', 'coming_soon', 0),
('wv-webster', 'WV', 'Webster', 'Webster County, WV', 'coming_soon', 0),
('wv-wetzel', 'WV', 'Wetzel', 'Wetzel County, WV', 'coming_soon', 0),
('wv-wirt', 'WV', 'Wirt', 'Wirt County, WV', 'coming_soon', 0),
('wv-wood', 'WV', 'Wood', 'Wood County, WV', 'coming_soon', 0),
('wv-wyoming', 'WV', 'Wyoming', 'Wyoming County, WV', 'coming_soon', 0),

-- Wisconsin (72 counties)
('wi-adams', 'WI', 'Adams', 'Adams County, WI', 'coming_soon', 0),
('wi-ashland', 'WI', 'Ashland', 'Ashland County, WI', 'coming_soon', 0),
('wi-barron', 'WI', 'Barron', 'Barron County, WI', 'coming_soon', 0),
('wi-bayfield', 'WI', 'Bayfield', 'Bayfield County, WI', 'coming_soon', 0),
('wi-brown', 'WI', 'Brown', 'Brown County, WI', 'coming_soon', 0),
('wi-buffalo', 'WI', 'Buffalo', 'Buffalo County, WI', 'coming_soon', 0),
('wi-burnett', 'WI', 'Burnett', 'Burnett County, WI', 'coming_soon', 0),
('wi-calumet', 'WI', 'Calumet', 'Calumet County, WI', 'coming_soon', 0),
('wi-chippewa', 'WI', 'Chippewa', 'Chippewa County, WI', 'coming_soon', 0),
('wi-clark', 'WI', 'Clark', 'Clark County, WI', 'coming_soon', 0),
('wi-columbia', 'WI', 'Columbia', 'Columbia County, WI', 'coming_soon', 0),
('wi-crawford', 'WI', 'Crawford', 'Crawford County, WI', 'coming_soon', 0),
('wi-dane', 'WI', 'Dane', 'Dane County, WI', 'coming_soon', 0),
('wi-dodge', 'WI', 'Dodge', 'Dodge County, WI', 'coming_soon', 0),
('wi-door', 'WI', 'Door', 'Door County, WI', 'coming_soon', 0),
('wi-douglas', 'WI', 'Douglas', 'Douglas County, WI', 'coming_soon', 0),
('wi-dunn', 'WI', 'Dunn', 'Dunn County, WI', 'coming_soon', 0),
('wi-eauclaire', 'WI', 'Eau Claire', 'Eau Claire County, WI', 'coming_soon', 0),
('wi-florence', 'WI', 'Florence', 'Florence County, WI', 'coming_soon', 0),
('wi-fondDuLac', 'WI', 'Fond du Lac', 'Fond du Lac County, WI', 'coming_soon', 0),
('wi-forest', 'WI', 'Forest', 'Forest County, WI', 'coming_soon', 0),
('wi-grant', 'WI', 'Grant', 'Grant County, WI', 'coming_soon', 0),
('wi-green', 'WI', 'Green', 'Green County, WI', 'coming_soon', 0),
('wi-greenlake', 'WI', 'Green Lake', 'Green Lake County, WI', 'coming_soon', 0),
('wi-iowa', 'WI', 'Iowa', 'Iowa County, WI', 'coming_soon', 0),
('wi-iron', 'WI', 'Iron', 'Iron County, WI', 'coming_soon', 0),
('wi-jackson', 'WI', 'Jackson', 'Jackson County, WI', 'coming_soon', 0),
('wi-jefferson', 'WI', 'Jefferson', 'Jefferson County, WI', 'coming_soon', 0),
('wi-juneau', 'WI', 'Juneau', 'Juneau County, WI', 'coming_soon', 0),
('wi-kenosha', 'WI', 'Kenosha', 'Kenosha County, WI', 'coming_soon', 0),
('wi-kewaunee', 'WI', 'Kewaunee', 'Kewaunee County, WI', 'coming_soon', 0),
('wi-lacrosse', 'WI', 'La Crosse', 'La Crosse County, WI', 'coming_soon', 0),
('wi-lafayette', 'WI', 'Lafayette', 'Lafayette County, WI', 'coming_soon', 0),
('wi-langlade', 'WI', 'Langlade', 'Langlade County, WI', 'coming_soon', 0),
('wi-lincoln', 'WI', 'Lincoln', 'Lincoln County, WI', 'coming_soon', 0),
('wi-manitowoc', 'WI', 'Manitowoc', 'Manitowoc County, WI', 'coming_soon', 0),
('wi-marathon', 'WI', 'Marathon', 'Marathon County, WI', 'coming_soon', 0),
('wi-marinette', 'WI', 'Marinette', 'Marinette County, WI', 'coming_soon', 0),
('wi-marquette', 'WI', 'Marquette', 'Marquette County, WI', 'coming_soon', 0),
('wi-menominee', 'WI', 'Menominee', 'Menominee County, WI', 'coming_soon', 0),
('wi-milwaukee', 'WI', 'Milwaukee', 'Milwaukee County, WI', 'coming_soon', 0),
('wi-monroe', 'WI', 'Monroe', 'Monroe County, WI', 'coming_soon', 0),
('wi-oconto', 'WI', 'Oconto', 'Oconto County, WI', 'coming_soon', 0),
('wi-oneida', 'WI', 'Oneida', 'Oneida County, WI', 'coming_soon', 0),
('wi-outagamie', 'WI', 'Outagamie', 'Outagamie County, WI', 'coming_soon', 0),
('wi-ozaukee', 'WI', 'Ozaukee', 'Ozaukee County, WI', 'coming_soon', 0),
('wi-pepin', 'WI', 'Pepin', 'Pepin County, WI', 'coming_soon', 0),
('wi-pierce', 'WI', 'Pierce', 'Pierce County, WI', 'coming_soon', 0),
('wi-polk', 'WI', 'Polk', 'Polk County, WI', 'coming_soon', 0),
('wi-portage', 'WI', 'Portage', 'Portage County, WI', 'coming_soon', 0),
('wi-price', 'WI', 'Price', 'Price County, WI', 'coming_soon', 0),
('wi-racine', 'WI', 'Racine', 'Racine County, WI', 'coming_soon', 0),
('wi-richland', 'WI', 'Richland', 'Richland County, WI', 'coming_soon', 0),
('wi-rock', 'WI', 'Rock', 'Rock County, WI', 'coming_soon', 0),
('wi-rusk', 'WI', 'Rusk', 'Rusk County, WI', 'coming_soon', 0),
('wi-stcroix', 'WI', 'St. Croix', 'St. Croix County, WI', 'coming_soon', 0),
('wi-sauk', 'WI', 'Sauk', 'Sauk County, WI', 'coming_soon', 0),
('wi-sawyer', 'WI', 'Sawyer', 'Sawyer County, WI', 'coming_soon', 0),
('wi-shawano', 'WI', 'Shawano', 'Shawano County, WI', 'coming_soon', 0),
('wi-sheboygan', 'WI', 'Sheboygan', 'Sheboygan County, WI', 'coming_soon', 0),
('wi-taylor', 'WI', 'Taylor', 'Taylor County, WI', 'coming_soon', 0),
('wi-trempealeau', 'WI', 'Trempealeau', 'Trempealeau County, WI', 'coming_soon', 0),
('wi-vernon', 'WI', 'Vernon', 'Vernon County, WI', 'coming_soon', 0),
('wi-vilas', 'WI', 'Vilas', 'Vilas County, WI', 'coming_soon', 0),
('wi-walworth', 'WI', 'Walworth', 'Walworth County, WI', 'coming_soon', 0),
('wi-washburn', 'WI', 'Washburn', 'Washburn County, WI', 'coming_soon', 0),
('wi-washington', 'WI', 'Washington', 'Washington County, WI', 'coming_soon', 0),
('wi-waukesha', 'WI', 'Waukesha', 'Waukesha County, WI', 'coming_soon', 0),
('wi-waupaca', 'WI', 'Waupaca', 'Waupaca County, WI', 'coming_soon', 0),
('wi-waushara', 'WI', 'Waushara', 'Waushara County, WI', 'coming_soon', 0),
('wi-winnebago', 'WI', 'Winnebago', 'Winnebago County, WI', 'coming_soon', 0),
('wi-wood', 'WI', 'Wood', 'Wood County, WI', 'coming_soon', 0),

-- Wyoming (23 counties)
('wy-albany', 'WY', 'Albany', 'Albany County, WY', 'coming_soon', 0),
('wy-bighorn', 'WY', 'Big Horn', 'Big Horn County, WY', 'coming_soon', 0),
('wy-campbell', 'WY', 'Campbell', 'Campbell County, WY', 'coming_soon', 0),
('wy-carbon', 'WY', 'Carbon', 'Carbon County, WY', 'coming_soon', 0),
('wy-converse', 'WY', 'Converse', 'Converse County, WY', 'coming_soon', 0),
('wy-crook', 'WY', 'Crook', 'Crook County, WY', 'coming_soon', 0),
('wy-fremont', 'WY', 'Fremont', 'Fremont County, WY', 'coming_soon', 0),
('wy-goshen', 'WY', 'Goshen', 'Goshen County, WY', 'coming_soon', 0),
('wy-hotsprings', 'WY', 'Hot Springs', 'Hot Springs County, WY', 'coming_soon', 0),
('wy-johnson', 'WY', 'Johnson', 'Johnson County, WY', 'coming_soon', 0),
('wy-laramie', 'WY', 'Laramie', 'Laramie County, WY', 'coming_soon', 0),
('wy-lincoln', 'WY', 'Lincoln', 'Lincoln County, WY', 'coming_soon', 0),
('wy-natrona', 'WY', 'Natrona', 'Natrona County, WY', 'coming_soon', 0),
('wy-niobrara', 'WY', 'Niobrara', 'Niobrara County, WY', 'coming_soon', 0),
('wy-park', 'WY', 'Park', 'Park County, WY', 'coming_soon', 0),
('wy-platte', 'WY', 'Platte', 'Platte County, WY', 'coming_soon', 0),
('wy-sheridan', 'WY', 'Sheridan', 'Sheridan County, WY', 'coming_soon', 0),
('wy-sublette', 'WY', 'Sublette', 'Sublette County, WY', 'coming_soon', 0),
('wy-sweetwater', 'WY', 'Sweetwater', 'Sweetwater County, WY', 'coming_soon', 0),
('wy-teton', 'WY', 'Teton', 'Teton County, WY', 'coming_soon', 0),
('wy-uinta', 'WY', 'Uinta', 'Uinta County, WY', 'coming_soon', 0),
('wy-washakie', 'WY', 'Washakie', 'Washakie County, WY', 'coming_soon', 0),
('wy-weston', 'WY', 'Weston', 'Weston County, WY', 'coming_soon', 0)

ON CONFLICT (jurisdiction_code) DO NOTHING;
