-- Seed all US counties - Part 4 (Montana through New York)
-- Run this in Supabase SQL Editor AFTER parts 1, 2, and 3

INSERT INTO jurisdictions (jurisdiction_code, state_code, county_name, display_name, status, monthly_license_fee) VALUES
-- Montana (56 counties)
('mt-beaverhead', 'MT', 'Beaverhead', 'Beaverhead County, MT', 'coming_soon', 0),
('mt-bighorn', 'MT', 'Big Horn', 'Big Horn County, MT', 'coming_soon', 0),
('mt-blaine', 'MT', 'Blaine', 'Blaine County, MT', 'coming_soon', 0),
('mt-broadwater', 'MT', 'Broadwater', 'Broadwater County, MT', 'coming_soon', 0),
('mt-carbon', 'MT', 'Carbon', 'Carbon County, MT', 'coming_soon', 0),
('mt-carter', 'MT', 'Carter', 'Carter County, MT', 'coming_soon', 0),
('mt-cascade', 'MT', 'Cascade', 'Cascade County, MT', 'coming_soon', 0),
('mt-chouteau', 'MT', 'Chouteau', 'Chouteau County, MT', 'coming_soon', 0),
('mt-custer', 'MT', 'Custer', 'Custer County, MT', 'coming_soon', 0),
('mt-daniels', 'MT', 'Daniels', 'Daniels County, MT', 'coming_soon', 0),
('mt-dawson', 'MT', 'Dawson', 'Dawson County, MT', 'coming_soon', 0),
('mt-deerlodge', 'MT', 'Deer Lodge', 'Deer Lodge County, MT', 'coming_soon', 0),
('mt-fallon', 'MT', 'Fallon', 'Fallon County, MT', 'coming_soon', 0),
('mt-fergus', 'MT', 'Fergus', 'Fergus County, MT', 'coming_soon', 0),
('mt-flathead', 'MT', 'Flathead', 'Flathead County, MT', 'coming_soon', 0),
('mt-gallatin', 'MT', 'Gallatin', 'Gallatin County, MT', 'coming_soon', 0),
('mt-garfield', 'MT', 'Garfield', 'Garfield County, MT', 'coming_soon', 0),
('mt-glacier', 'MT', 'Glacier', 'Glacier County, MT', 'coming_soon', 0),
('mt-goldenvalley', 'MT', 'Golden Valley', 'Golden Valley County, MT', 'coming_soon', 0),
('mt-granite', 'MT', 'Granite', 'Granite County, MT', 'coming_soon', 0),
('mt-hill', 'MT', 'Hill', 'Hill County, MT', 'coming_soon', 0),
('mt-jefferson', 'MT', 'Jefferson', 'Jefferson County, MT', 'coming_soon', 0),
('mt-juditbasin', 'MT', 'Judith Basin', 'Judith Basin County, MT', 'coming_soon', 0),
('mt-lake', 'MT', 'Lake', 'Lake County, MT', 'coming_soon', 0),
('mt-lewisandclark', 'MT', 'Lewis and Clark', 'Lewis and Clark County, MT', 'coming_soon', 0),
('mt-liberty', 'MT', 'Liberty', 'Liberty County, MT', 'coming_soon', 0),
('mt-lincoln', 'MT', 'Lincoln', 'Lincoln County, MT', 'coming_soon', 0),
('mt-madison', 'MT', 'Madison', 'Madison County, MT', 'coming_soon', 0),
('mt-mccone', 'MT', 'McCone', 'McCone County, MT', 'coming_soon', 0),
('mt-meagher', 'MT', 'Meagher', 'Meagher County, MT', 'coming_soon', 0),
('mt-mineral', 'MT', 'Mineral', 'Mineral County, MT', 'coming_soon', 0),
('mt-missoula', 'MT', 'Missoula', 'Missoula County, MT', 'coming_soon', 0),
('mt-musselshell', 'MT', 'Musselshell', 'Musselshell County, MT', 'coming_soon', 0),
('mt-park', 'MT', 'Park', 'Park County, MT', 'coming_soon', 0),
('mt-petroleum', 'MT', 'Petroleum', 'Petroleum County, MT', 'coming_soon', 0),
('mt-phillips', 'MT', 'Phillips', 'Phillips County, MT', 'coming_soon', 0),
('mt-pondera', 'MT', 'Pondera', 'Pondera County, MT', 'coming_soon', 0),
('mt-powderriver', 'MT', 'Powder River', 'Powder River County, MT', 'coming_soon', 0),
('mt-powell', 'MT', 'Powell', 'Powell County, MT', 'coming_soon', 0),
('mt-prairie', 'MT', 'Prairie', 'Prairie County, MT', 'coming_soon', 0),
('mt-ravalli', 'MT', 'Ravalli', 'Ravalli County, MT', 'coming_soon', 0),
('mt-richland', 'MT', 'Richland', 'Richland County, MT', 'coming_soon', 0),
('mt-roosevelt', 'MT', 'Roosevelt', 'Roosevelt County, MT', 'coming_soon', 0),
('mt-rosebud', 'MT', 'Rosebud', 'Rosebud County, MT', 'coming_soon', 0),
('mt-sanders', 'MT', 'Sanders', 'Sanders County, MT', 'coming_soon', 0),
('mt-sheridan', 'MT', 'Sheridan', 'Sheridan County, MT', 'coming_soon', 0),
('mt-silverbow', 'MT', 'Silver Bow', 'Silver Bow County, MT', 'coming_soon', 0),
('mt-stillwater', 'MT', 'Stillwater', 'Stillwater County, MT', 'coming_soon', 0),
('mt-sweetgrass', 'MT', 'Sweet Grass', 'Sweet Grass County, MT', 'coming_soon', 0),
('mt-teton', 'MT', 'Teton', 'Teton County, MT', 'coming_soon', 0),
('mt-toole', 'MT', 'Toole', 'Toole County, MT', 'coming_soon', 0),
('mt-treasure', 'MT', 'Treasure', 'Treasure County, MT', 'coming_soon', 0),
('mt-valley', 'MT', 'Valley', 'Valley County, MT', 'coming_soon', 0),
('mt-wheatland', 'MT', 'Wheatland', 'Wheatland County, MT', 'coming_soon', 0),
('mt-wibaux', 'MT', 'Wibaux', 'Wibaux County, MT', 'coming_soon', 0),
('mt-yellowstone', 'MT', 'Yellowstone', 'Yellowstone County, MT', 'coming_soon', 0),

-- Nebraska (93 counties)
('ne-adams', 'NE', 'Adams', 'Adams County, NE', 'coming_soon', 0),
('ne-antelope', 'NE', 'Antelope', 'Antelope County, NE', 'coming_soon', 0),
('ne-arthur', 'NE', 'Arthur', 'Arthur County, NE', 'coming_soon', 0),
('ne-banner', 'NE', 'Banner', 'Banner County, NE', 'coming_soon', 0),
('ne-blaine', 'NE', 'Blaine', 'Blaine County, NE', 'coming_soon', 0),
('ne-boone', 'NE', 'Boone', 'Boone County, NE', 'coming_soon', 0),
('ne-boxbutte', 'NE', 'Box Butte', 'Box Butte County, NE', 'coming_soon', 0),
('ne-boyd', 'NE', 'Boyd', 'Boyd County, NE', 'coming_soon', 0),
('ne-brown', 'NE', 'Brown', 'Brown County, NE', 'coming_soon', 0),
('ne-buffalo', 'NE', 'Buffalo', 'Buffalo County, NE', 'coming_soon', 0),
('ne-burt', 'NE', 'Burt', 'Burt County, NE', 'coming_soon', 0),
('ne-butler', 'NE', 'Butler', 'Butler County, NE', 'coming_soon', 0),
('ne-cass', 'NE', 'Cass', 'Cass County, NE', 'coming_soon', 0),
('ne-cedar', 'NE', 'Cedar', 'Cedar County, NE', 'coming_soon', 0),
('ne-chase', 'NE', 'Chase', 'Chase County, NE', 'coming_soon', 0),
('ne-cherry', 'NE', 'Cherry', 'Cherry County, NE', 'coming_soon', 0),
('ne-cheyenne', 'NE', 'Cheyenne', 'Cheyenne County, NE', 'coming_soon', 0),
('ne-clay', 'NE', 'Clay', 'Clay County, NE', 'coming_soon', 0),
('ne-colfax', 'NE', 'Colfax', 'Colfax County, NE', 'coming_soon', 0),
('ne-cuming', 'NE', 'Cuming', 'Cuming County, NE', 'coming_soon', 0),
('ne-custer', 'NE', 'Custer', 'Custer County, NE', 'coming_soon', 0),
('ne-dakota', 'NE', 'Dakota', 'Dakota County, NE', 'coming_soon', 0),
('ne-dawes', 'NE', 'Dawes', 'Dawes County, NE', 'coming_soon', 0),
('ne-dawson', 'NE', 'Dawson', 'Dawson County, NE', 'coming_soon', 0),
('ne-deuel', 'NE', 'Deuel', 'Deuel County, NE', 'coming_soon', 0),
('ne-dixon', 'NE', 'Dixon', 'Dixon County, NE', 'coming_soon', 0),
('ne-dodge', 'NE', 'Dodge', 'Dodge County, NE', 'coming_soon', 0),
('ne-douglas', 'NE', 'Douglas', 'Douglas County, NE', 'coming_soon', 0),
('ne-dundy', 'NE', 'Dundy', 'Dundy County, NE', 'coming_soon', 0),
('ne-fillmore', 'NE', 'Fillmore', 'Fillmore County, NE', 'coming_soon', 0),
('ne-franklin', 'NE', 'Franklin', 'Franklin County, NE', 'coming_soon', 0),
('ne-frontier', 'NE', 'Frontier', 'Frontier County, NE', 'coming_soon', 0),
('ne-furnas', 'NE', 'Furnas', 'Furnas County, NE', 'coming_soon', 0),
('ne-gage', 'NE', 'Gage', 'Gage County, NE', 'coming_soon', 0),
('ne-garden', 'NE', 'Garden', 'Garden County, NE', 'coming_soon', 0),
('ne-garfield', 'NE', 'Garfield', 'Garfield County, NE', 'coming_soon', 0),
('ne-gosper', 'NE', 'Gosper', 'Gosper County, NE', 'coming_soon', 0),
('ne-grant', 'NE', 'Grant', 'Grant County, NE', 'coming_soon', 0),
('ne-greeley', 'NE', 'Greeley', 'Greeley County, NE', 'coming_soon', 0),
('ne-hall', 'NE', 'Hall', 'Hall County, NE', 'coming_soon', 0),
('ne-hamilton', 'NE', 'Hamilton', 'Hamilton County, NE', 'coming_soon', 0),
('ne-harlan', 'NE', 'Harlan', 'Harlan County, NE', 'coming_soon', 0),
('ne-hayes', 'NE', 'Hayes', 'Hayes County, NE', 'coming_soon', 0),
('ne-hitchcock', 'NE', 'Hitchcock', 'Hitchcock County, NE', 'coming_soon', 0),
('ne-holt', 'NE', 'Holt', 'Holt County, NE', 'coming_soon', 0),
('ne-hooker', 'NE', 'Hooker', 'Hooker County, NE', 'coming_soon', 0),
('ne-howard', 'NE', 'Howard', 'Howard County, NE', 'coming_soon', 0),
('ne-jefferson', 'NE', 'Jefferson', 'Jefferson County, NE', 'coming_soon', 0),
('ne-johnson', 'NE', 'Johnson', 'Johnson County, NE', 'coming_soon', 0),
('ne-kearney', 'NE', 'Kearney', 'Kearney County, NE', 'coming_soon', 0),
('ne-keith', 'NE', 'Keith', 'Keith County, NE', 'coming_soon', 0),
('ne-keyapaha', 'NE', 'Keya Paha', 'Keya Paha County, NE', 'coming_soon', 0),
('ne-kimball', 'NE', 'Kimball', 'Kimball County, NE', 'coming_soon', 0),
('ne-knox', 'NE', 'Knox', 'Knox County, NE', 'coming_soon', 0),
('ne-lancaster', 'NE', 'Lancaster', 'Lancaster County, NE', 'coming_soon', 0),
('ne-lincoln', 'NE', 'Lincoln', 'Lincoln County, NE', 'coming_soon', 0),
('ne-logan', 'NE', 'Logan', 'Logan County, NE', 'coming_soon', 0),
('ne-loup', 'NE', 'Loup', 'Loup County, NE', 'coming_soon', 0),
('ne-madison', 'NE', 'Madison', 'Madison County, NE', 'coming_soon', 0),
('ne-mcpherson', 'NE', 'McPherson', 'McPherson County, NE', 'coming_soon', 0),
('ne-merrick', 'NE', 'Merrick', 'Merrick County, NE', 'coming_soon', 0),
('ne-morrill', 'NE', 'Morrill', 'Morrill County, NE', 'coming_soon', 0),
('ne-nance', 'NE', 'Nance', 'Nance County, NE', 'coming_soon', 0),
('ne-nemaha', 'NE', 'Nemaha', 'Nemaha County, NE', 'coming_soon', 0),
('ne-nuckolls', 'NE', 'Nuckolls', 'Nuckolls County, NE', 'coming_soon', 0),
('ne-otoe', 'NE', 'Otoe', 'Otoe County, NE', 'coming_soon', 0),
('ne-pawnee', 'NE', 'Pawnee', 'Pawnee County, NE', 'coming_soon', 0),
('ne-perkins', 'NE', 'Perkins', 'Perkins County, NE', 'coming_soon', 0),
('ne-phelps', 'NE', 'Phelps', 'Phelps County, NE', 'coming_soon', 0),
('ne-pierce', 'NE', 'Pierce', 'Pierce County, NE', 'coming_soon', 0),
('ne-platte', 'NE', 'Platte', 'Platte County, NE', 'coming_soon', 0),
('ne-polk', 'NE', 'Polk', 'Polk County, NE', 'coming_soon', 0),
('ne-redwillow', 'NE', 'Red Willow', 'Red Willow County, NE', 'coming_soon', 0),
('ne-richardson', 'NE', 'Richardson', 'Richardson County, NE', 'coming_soon', 0),
('ne-rock', 'NE', 'Rock', 'Rock County, NE', 'coming_soon', 0),
('ne-saline', 'NE', 'Saline', 'Saline County, NE', 'coming_soon', 0),
('ne-sarpy', 'NE', 'Sarpy', 'Sarpy County, NE', 'coming_soon', 0),
('ne-saunders', 'NE', 'Saunders', 'Saunders County, NE', 'coming_soon', 0),
('ne-scottsbluff', 'NE', 'Scotts Bluff', 'Scotts Bluff County, NE', 'coming_soon', 0),
('ne-seward', 'NE', 'Seward', 'Seward County, NE', 'coming_soon', 0),
('ne-sheridan', 'NE', 'Sheridan', 'Sheridan County, NE', 'coming_soon', 0),
('ne-sherman', 'NE', 'Sherman', 'Sherman County, NE', 'coming_soon', 0),
('ne-sioux', 'NE', 'Sioux', 'Sioux County, NE', 'coming_soon', 0),
('ne-stanton', 'NE', 'Stanton', 'Stanton County, NE', 'coming_soon', 0),
('ne-thayer', 'NE', 'Thayer', 'Thayer County, NE', 'coming_soon', 0),
('ne-thomas', 'NE', 'Thomas', 'Thomas County, NE', 'coming_soon', 0),
('ne-thurston', 'NE', 'Thurston', 'Thurston County, NE', 'coming_soon', 0),
('ne-valley', 'NE', 'Valley', 'Valley County, NE', 'coming_soon', 0),
('ne-washington', 'NE', 'Washington', 'Washington County, NE', 'coming_soon', 0),
('ne-wayne', 'NE', 'Wayne', 'Wayne County, NE', 'coming_soon', 0),
('ne-webster', 'NE', 'Webster', 'Webster County, NE', 'coming_soon', 0),
('ne-wheeler', 'NE', 'Wheeler', 'Wheeler County, NE', 'coming_soon', 0),
('ne-york', 'NE', 'York', 'York County, NE', 'coming_soon', 0),

-- Nevada (17 counties)
('nv-carson', 'NV', 'Carson City', 'Carson City, NV', 'coming_soon', 0),
('nv-churchill', 'NV', 'Churchill', 'Churchill County, NV', 'coming_soon', 0),
('nv-clark', 'NV', 'Clark', 'Clark County, NV', 'coming_soon', 0),
('nv-douglas', 'NV', 'Douglas', 'Douglas County, NV', 'coming_soon', 0),
('nv-elko', 'NV', 'Elko', 'Elko County, NV', 'coming_soon', 0),
('nv-esmeralda', 'NV', 'Esmeralda', 'Esmeralda County, NV', 'coming_soon', 0),
('nv-eureka', 'NV', 'Eureka', 'Eureka County, NV', 'coming_soon', 0),
('nv-humboldt', 'NV', 'Humboldt', 'Humboldt County, NV', 'coming_soon', 0),
('nv-lander', 'NV', 'Lander', 'Lander County, NV', 'coming_soon', 0),
('nv-lincoln', 'NV', 'Lincoln', 'Lincoln County, NV', 'coming_soon', 0),
('nv-lyon', 'NV', 'Lyon', 'Lyon County, NV', 'coming_soon', 0),
('nv-mineral', 'NV', 'Mineral', 'Mineral County, NV', 'coming_soon', 0),
('nv-nye', 'NV', 'Nye', 'Nye County, NV', 'coming_soon', 0),
('nv-pershing', 'NV', 'Pershing', 'Pershing County, NV', 'coming_soon', 0),
('nv-storey', 'NV', 'Storey', 'Storey County, NV', 'coming_soon', 0),
('nv-washoe', 'NV', 'Washoe', 'Washoe County, NV', 'coming_soon', 0),
('nv-whitepine', 'NV', 'White Pine', 'White Pine County, NV', 'coming_soon', 0),

-- New Hampshire (10 counties)
('nh-belknap', 'NH', 'Belknap', 'Belknap County, NH', 'coming_soon', 0),
('nh-carroll', 'NH', 'Carroll', 'Carroll County, NH', 'coming_soon', 0),
('nh-cheshire', 'NH', 'Cheshire', 'Cheshire County, NH', 'coming_soon', 0),
('nh-coos', 'NH', 'Coos', 'Coos County, NH', 'coming_soon', 0),
('nh-grafton', 'NH', 'Grafton', 'Grafton County, NH', 'coming_soon', 0),
('nh-hillsborough', 'NH', 'Hillsborough', 'Hillsborough County, NH', 'coming_soon', 0),
('nh-merrimack', 'NH', 'Merrimack', 'Merrimack County, NH', 'coming_soon', 0),
('nh-rockingham', 'NH', 'Rockingham', 'Rockingham County, NH', 'coming_soon', 0),
('nh-strafford', 'NH', 'Strafford', 'Strafford County, NH', 'coming_soon', 0),
('nh-sullivan', 'NH', 'Sullivan', 'Sullivan County, NH', 'coming_soon', 0),

-- New Jersey (21 counties)
('nj-atlantic', 'NJ', 'Atlantic', 'Atlantic County, NJ', 'coming_soon', 0),
('nj-bergen', 'NJ', 'Bergen', 'Bergen County, NJ', 'coming_soon', 0),
('nj-burlington', 'NJ', 'Burlington', 'Burlington County, NJ', 'coming_soon', 0),
('nj-camden', 'NJ', 'Camden', 'Camden County, NJ', 'coming_soon', 0),
('nj-capemay', 'NJ', 'Cape May', 'Cape May County, NJ', 'coming_soon', 0),
('nj-cumberland', 'NJ', 'Cumberland', 'Cumberland County, NJ', 'coming_soon', 0),
('nj-essex', 'NJ', 'Essex', 'Essex County, NJ', 'coming_soon', 0),
('nj-gloucester', 'NJ', 'Gloucester', 'Gloucester County, NJ', 'coming_soon', 0),
('nj-hudson', 'NJ', 'Hudson', 'Hudson County, NJ', 'coming_soon', 0),
('nj-hunterdon', 'NJ', 'Hunterdon', 'Hunterdon County, NJ', 'coming_soon', 0),
('nj-mercer', 'NJ', 'Mercer', 'Mercer County, NJ', 'coming_soon', 0),
('nj-middlesex', 'NJ', 'Middlesex', 'Middlesex County, NJ', 'coming_soon', 0),
('nj-monmouth', 'NJ', 'Monmouth', 'Monmouth County, NJ', 'coming_soon', 0),
('nj-morris', 'NJ', 'Morris', 'Morris County, NJ', 'coming_soon', 0),
('nj-ocean', 'NJ', 'Ocean', 'Ocean County, NJ', 'coming_soon', 0),
('nj-passaic', 'NJ', 'Passaic', 'Passaic County, NJ', 'coming_soon', 0),
('nj-salem', 'NJ', 'Salem', 'Salem County, NJ', 'coming_soon', 0),
('nj-somerset', 'NJ', 'Somerset', 'Somerset County, NJ', 'coming_soon', 0),
('nj-sussex', 'NJ', 'Sussex', 'Sussex County, NJ', 'coming_soon', 0),
('nj-union', 'NJ', 'Union', 'Union County, NJ', 'coming_soon', 0),
('nj-warren', 'NJ', 'Warren', 'Warren County, NJ', 'coming_soon', 0),

-- New Mexico (33 counties)
('nm-bernalillo', 'NM', 'Bernalillo', 'Bernalillo County, NM', 'coming_soon', 0),
('nm-catron', 'NM', 'Catron', 'Catron County, NM', 'coming_soon', 0),
('nm-chaves', 'NM', 'Chaves', 'Chaves County, NM', 'coming_soon', 0),
('nm-cibola', 'NM', 'Cibola', 'Cibola County, NM', 'coming_soon', 0),
('nm-colfax', 'NM', 'Colfax', 'Colfax County, NM', 'coming_soon', 0),
('nm-curry', 'NM', 'Curry', 'Curry County, NM', 'coming_soon', 0),
('nm-debaca', 'NM', 'De Baca', 'De Baca County, NM', 'coming_soon', 0),
('nm-donana', 'NM', 'Dona Ana', 'Dona Ana County, NM', 'coming_soon', 0),
('nm-eddy', 'NM', 'Eddy', 'Eddy County, NM', 'coming_soon', 0),
('nm-grant', 'NM', 'Grant', 'Grant County, NM', 'coming_soon', 0),
('nm-guadalupe', 'NM', 'Guadalupe', 'Guadalupe County, NM', 'coming_soon', 0),
('nm-harding', 'NM', 'Harding', 'Harding County, NM', 'coming_soon', 0),
('nm-hidalgo', 'NM', 'Hidalgo', 'Hidalgo County, NM', 'coming_soon', 0),
('nm-lea', 'NM', 'Lea', 'Lea County, NM', 'coming_soon', 0),
('nm-lincoln', 'NM', 'Lincoln', 'Lincoln County, NM', 'coming_soon', 0),
('nm-losalamos', 'NM', 'Los Alamos', 'Los Alamos County, NM', 'coming_soon', 0),
('nm-luna', 'NM', 'Luna', 'Luna County, NM', 'coming_soon', 0),
('nm-mckinley', 'NM', 'McKinley', 'McKinley County, NM', 'coming_soon', 0),
('nm-mora', 'NM', 'Mora', 'Mora County, NM', 'coming_soon', 0),
('nm-otero', 'NM', 'Otero', 'Otero County, NM', 'coming_soon', 0),
('nm-quay', 'NM', 'Quay', 'Quay County, NM', 'coming_soon', 0),
('nm-rioarriba', 'NM', 'Rio Arriba', 'Rio Arriba County, NM', 'coming_soon', 0),
('nm-roosevelt', 'NM', 'Roosevelt', 'Roosevelt County, NM', 'coming_soon', 0),
('nm-sandoval', 'NM', 'Sandoval', 'Sandoval County, NM', 'coming_soon', 0),
('nm-sanjuan', 'NM', 'San Juan', 'San Juan County, NM', 'coming_soon', 0),
('nm-sanmiguel', 'NM', 'San Miguel', 'San Miguel County, NM', 'coming_soon', 0),
('nm-santafe', 'NM', 'Santa Fe', 'Santa Fe County, NM', 'coming_soon', 0),
('nm-sierra', 'NM', 'Sierra', 'Sierra County, NM', 'coming_soon', 0),
('nm-socorro', 'NM', 'Socorro', 'Socorro County, NM', 'coming_soon', 0),
('nm-taos', 'NM', 'Taos', 'Taos County, NM', 'coming_soon', 0),
('nm-torrance', 'NM', 'Torrance', 'Torrance County, NM', 'coming_soon', 0),
('nm-union', 'NM', 'Union', 'Union County, NM', 'coming_soon', 0),
('nm-valencia', 'NM', 'Valencia', 'Valencia County, NM', 'coming_soon', 0),

-- New York (62 counties)
('ny-albany', 'NY', 'Albany', 'Albany County, NY', 'coming_soon', 0),
('ny-allegany', 'NY', 'Allegany', 'Allegany County, NY', 'coming_soon', 0),
('ny-bronx', 'NY', 'Bronx', 'Bronx County, NY', 'coming_soon', 0),
('ny-broome', 'NY', 'Broome', 'Broome County, NY', 'coming_soon', 0),
('ny-cattaraugus', 'NY', 'Cattaraugus', 'Cattaraugus County, NY', 'coming_soon', 0),
('ny-cayuga', 'NY', 'Cayuga', 'Cayuga County, NY', 'coming_soon', 0),
('ny-chautauqua', 'NY', 'Chautauqua', 'Chautauqua County, NY', 'coming_soon', 0),
('ny-chemung', 'NY', 'Chemung', 'Chemung County, NY', 'coming_soon', 0),
('ny-chenango', 'NY', 'Chenango', 'Chenango County, NY', 'coming_soon', 0),
('ny-clinton', 'NY', 'Clinton', 'Clinton County, NY', 'coming_soon', 0),
('ny-columbia', 'NY', 'Columbia', 'Columbia County, NY', 'coming_soon', 0),
('ny-cortland', 'NY', 'Cortland', 'Cortland County, NY', 'coming_soon', 0),
('ny-delaware', 'NY', 'Delaware', 'Delaware County, NY', 'coming_soon', 0),
('ny-dutchess', 'NY', 'Dutchess', 'Dutchess County, NY', 'coming_soon', 0),
('ny-erie', 'NY', 'Erie', 'Erie County, NY', 'coming_soon', 0),
('ny-essex', 'NY', 'Essex', 'Essex County, NY', 'coming_soon', 0),
('ny-franklin', 'NY', 'Franklin', 'Franklin County, NY', 'coming_soon', 0),
('ny-fulton', 'NY', 'Fulton', 'Fulton County, NY', 'coming_soon', 0),
('ny-genesee', 'NY', 'Genesee', 'Genesee County, NY', 'coming_soon', 0),
('ny-greene', 'NY', 'Greene', 'Greene County, NY', 'coming_soon', 0),
('ny-hamilton', 'NY', 'Hamilton', 'Hamilton County, NY', 'coming_soon', 0),
('ny-herkimer', 'NY', 'Herkimer', 'Herkimer County, NY', 'coming_soon', 0),
('ny-jefferson', 'NY', 'Jefferson', 'Jefferson County, NY', 'coming_soon', 0),
('ny-kings', 'NY', 'Kings', 'Kings County, NY', 'coming_soon', 0),
('ny-lewis', 'NY', 'Lewis', 'Lewis County, NY', 'coming_soon', 0),
('ny-livingston', 'NY', 'Livingston', 'Livingston County, NY', 'coming_soon', 0),
('ny-madison', 'NY', 'Madison', 'Madison County, NY', 'coming_soon', 0),
('ny-monroe', 'NY', 'Monroe', 'Monroe County, NY', 'coming_soon', 0),
('ny-montgomery', 'NY', 'Montgomery', 'Montgomery County, NY', 'coming_soon', 0),
('ny-nassau', 'NY', 'Nassau', 'Nassau County, NY', 'coming_soon', 0),
('ny-newyork', 'NY', 'New York', 'New York County, NY', 'coming_soon', 0),
('ny-niagara', 'NY', 'Niagara', 'Niagara County, NY', 'coming_soon', 0),
('ny-oneida', 'NY', 'Oneida', 'Oneida County, NY', 'coming_soon', 0),
('ny-onondaga', 'NY', 'Onondaga', 'Onondaga County, NY', 'coming_soon', 0),
('ny-ontario', 'NY', 'Ontario', 'Ontario County, NY', 'coming_soon', 0),
('ny-orange', 'NY', 'Orange', 'Orange County, NY', 'coming_soon', 0),
('ny-orleans', 'NY', 'Orleans', 'Orleans County, NY', 'coming_soon', 0),
('ny-oswego', 'NY', 'Oswego', 'Oswego County, NY', 'coming_soon', 0),
('ny-otsego', 'NY', 'Otsego', 'Otsego County, NY', 'coming_soon', 0),
('ny-putnam', 'NY', 'Putnam', 'Putnam County, NY', 'coming_soon', 0),
('ny-queens', 'NY', 'Queens', 'Queens County, NY', 'coming_soon', 0),
('ny-rensselaer', 'NY', 'Rensselaer', 'Rensselaer County, NY', 'coming_soon', 0),
('ny-richmond', 'NY', 'Richmond', 'Richmond County, NY', 'coming_soon', 0),
('ny-rockland', 'NY', 'Rockland', 'Rockland County, NY', 'coming_soon', 0),
('ny-stlawrence', 'NY', 'St. Lawrence', 'St. Lawrence County, NY', 'coming_soon', 0),
('ny-saratoga', 'NY', 'Saratoga', 'Saratoga County, NY', 'coming_soon', 0),
('ny-schenectady', 'NY', 'Schenectady', 'Schenectady County, NY', 'coming_soon', 0),
('ny-schoharie', 'NY', 'Schoharie', 'Schoharie County, NY', 'coming_soon', 0),
('ny-schuyler', 'NY', 'Schuyler', 'Schuyler County, NY', 'coming_soon', 0),
('ny-seneca', 'NY', 'Seneca', 'Seneca County, NY', 'coming_soon', 0),
('ny-steuben', 'NY', 'Steuben', 'Steuben County, NY', 'coming_soon', 0),
('ny-suffolk', 'NY', 'Suffolk', 'Suffolk County, NY', 'coming_soon', 0),
('ny-sullivan', 'NY', 'Sullivan', 'Sullivan County, NY', 'coming_soon', 0),
('ny-tioga', 'NY', 'Tioga', 'Tioga County, NY', 'coming_soon', 0),
('ny-tompkins', 'NY', 'Tompkins', 'Tompkins County, NY', 'coming_soon', 0),
('ny-ulster', 'NY', 'Ulster', 'Ulster County, NY', 'coming_soon', 0),
('ny-warren', 'NY', 'Warren', 'Warren County, NY', 'coming_soon', 0),
('ny-washington', 'NY', 'Washington', 'Washington County, NY', 'coming_soon', 0),
('ny-wayne', 'NY', 'Wayne', 'Wayne County, NY', 'coming_soon', 0),
('ny-westchester', 'NY', 'Westchester', 'Westchester County, NY', 'coming_soon', 0),
('ny-wyoming', 'NY', 'Wyoming', 'Wyoming County, NY', 'coming_soon', 0),
('ny-yates', 'NY', 'Yates', 'Yates County, NY', 'coming_soon', 0)

ON CONFLICT (jurisdiction_code) DO NOTHING;
