-- Seed all US counties into jurisdictions table
-- Run this in Supabase SQL Editor
-- Note: Existing records (oh-hamilton, oh-butler, tx-travis, oh-franklin) will be skipped due to ON CONFLICT

INSERT INTO jurisdictions (jurisdiction_code, state_code, county_name, display_name, monthly_license_fee, status)
VALUES
-- Alabama (67 counties)
('al-autauga', 'AL', 'Autauga', 'Autauga County, Alabama', 0, 'coming_soon'),
('al-baldwin', 'AL', 'Baldwin', 'Baldwin County, Alabama', 0, 'coming_soon'),
('al-barbour', 'AL', 'Barbour', 'Barbour County, Alabama', 0, 'coming_soon'),
('al-bibb', 'AL', 'Bibb', 'Bibb County, Alabama', 0, 'coming_soon'),
('al-blount', 'AL', 'Blount', 'Blount County, Alabama', 0, 'coming_soon'),
('al-bullock', 'AL', 'Bullock', 'Bullock County, Alabama', 0, 'coming_soon'),
('al-butler', 'AL', 'Butler', 'Butler County, Alabama', 0, 'coming_soon'),
('al-calhoun', 'AL', 'Calhoun', 'Calhoun County, Alabama', 0, 'coming_soon'),
('al-chambers', 'AL', 'Chambers', 'Chambers County, Alabama', 0, 'coming_soon'),
('al-cherokee', 'AL', 'Cherokee', 'Cherokee County, Alabama', 0, 'coming_soon'),
('al-chilton', 'AL', 'Chilton', 'Chilton County, Alabama', 0, 'coming_soon'),
('al-choctaw', 'AL', 'Choctaw', 'Choctaw County, Alabama', 0, 'coming_soon'),
('al-clarke', 'AL', 'Clarke', 'Clarke County, Alabama', 0, 'coming_soon'),
('al-clay', 'AL', 'Clay', 'Clay County, Alabama', 0, 'coming_soon'),
('al-cleburne', 'AL', 'Cleburne', 'Cleburne County, Alabama', 0, 'coming_soon'),
('al-coffee', 'AL', 'Coffee', 'Coffee County, Alabama', 0, 'coming_soon'),
('al-colbert', 'AL', 'Colbert', 'Colbert County, Alabama', 0, 'coming_soon'),
('al-conecuh', 'AL', 'Conecuh', 'Conecuh County, Alabama', 0, 'coming_soon'),
('al-coosa', 'AL', 'Coosa', 'Coosa County, Alabama', 0, 'coming_soon'),
('al-covington', 'AL', 'Covington', 'Covington County, Alabama', 0, 'coming_soon'),
('al-crenshaw', 'AL', 'Crenshaw', 'Crenshaw County, Alabama', 0, 'coming_soon'),
('al-cullman', 'AL', 'Cullman', 'Cullman County, Alabama', 0, 'coming_soon'),
('al-dale', 'AL', 'Dale', 'Dale County, Alabama', 0, 'coming_soon'),
('al-dallas', 'AL', 'Dallas', 'Dallas County, Alabama', 0, 'coming_soon'),
('al-dekalb', 'AL', 'DeKalb', 'DeKalb County, Alabama', 0, 'coming_soon'),
('al-elmore', 'AL', 'Elmore', 'Elmore County, Alabama', 0, 'coming_soon'),
('al-escambia', 'AL', 'Escambia', 'Escambia County, Alabama', 0, 'coming_soon'),
('al-etowah', 'AL', 'Etowah', 'Etowah County, Alabama', 0, 'coming_soon'),
('al-fayette', 'AL', 'Fayette', 'Fayette County, Alabama', 0, 'coming_soon'),
('al-franklin', 'AL', 'Franklin', 'Franklin County, Alabama', 0, 'coming_soon'),
('al-geneva', 'AL', 'Geneva', 'Geneva County, Alabama', 0, 'coming_soon'),
('al-greene', 'AL', 'Greene', 'Greene County, Alabama', 0, 'coming_soon'),
('al-hale', 'AL', 'Hale', 'Hale County, Alabama', 0, 'coming_soon'),
('al-henry', 'AL', 'Henry', 'Henry County, Alabama', 0, 'coming_soon'),
('al-houston', 'AL', 'Houston', 'Houston County, Alabama', 0, 'coming_soon'),
('al-jackson', 'AL', 'Jackson', 'Jackson County, Alabama', 0, 'coming_soon'),
('al-jefferson', 'AL', 'Jefferson', 'Jefferson County, Alabama', 0, 'coming_soon'),
('al-lamar', 'AL', 'Lamar', 'Lamar County, Alabama', 0, 'coming_soon'),
('al-lauderdale', 'AL', 'Lauderdale', 'Lauderdale County, Alabama', 0, 'coming_soon'),
('al-lawrence', 'AL', 'Lawrence', 'Lawrence County, Alabama', 0, 'coming_soon'),
('al-lee', 'AL', 'Lee', 'Lee County, Alabama', 0, 'coming_soon'),
('al-limestone', 'AL', 'Limestone', 'Limestone County, Alabama', 0, 'coming_soon'),
('al-lowndes', 'AL', 'Lowndes', 'Lowndes County, Alabama', 0, 'coming_soon'),
('al-macon', 'AL', 'Macon', 'Macon County, Alabama', 0, 'coming_soon'),
('al-madison', 'AL', 'Madison', 'Madison County, Alabama', 0, 'coming_soon'),
('al-marengo', 'AL', 'Marengo', 'Marengo County, Alabama', 0, 'coming_soon'),
('al-marion', 'AL', 'Marion', 'Marion County, Alabama', 0, 'coming_soon'),
('al-marshall', 'AL', 'Marshall', 'Marshall County, Alabama', 0, 'coming_soon'),
('al-mobile', 'AL', 'Mobile', 'Mobile County, Alabama', 0, 'coming_soon'),
('al-monroe', 'AL', 'Monroe', 'Monroe County, Alabama', 0, 'coming_soon'),
('al-montgomery', 'AL', 'Montgomery', 'Montgomery County, Alabama', 0, 'coming_soon'),
('al-morgan', 'AL', 'Morgan', 'Morgan County, Alabama', 0, 'coming_soon'),
('al-perry', 'AL', 'Perry', 'Perry County, Alabama', 0, 'coming_soon'),
('al-pickens', 'AL', 'Pickens', 'Pickens County, Alabama', 0, 'coming_soon'),
('al-pike', 'AL', 'Pike', 'Pike County, Alabama', 0, 'coming_soon'),
('al-randolph', 'AL', 'Randolph', 'Randolph County, Alabama', 0, 'coming_soon'),
('al-russell', 'AL', 'Russell', 'Russell County, Alabama', 0, 'coming_soon'),
('al-shelby', 'AL', 'Shelby', 'Shelby County, Alabama', 0, 'coming_soon'),
('al-stclair', 'AL', 'St. Clair', 'St. Clair County, Alabama', 0, 'coming_soon'),
('al-sumter', 'AL', 'Sumter', 'Sumter County, Alabama', 0, 'coming_soon'),
('al-talladega', 'AL', 'Talladega', 'Talladega County, Alabama', 0, 'coming_soon'),
('al-tallapoosa', 'AL', 'Tallapoosa', 'Tallapoosa County, Alabama', 0, 'coming_soon'),
('al-tuscaloosa', 'AL', 'Tuscaloosa', 'Tuscaloosa County, Alabama', 0, 'coming_soon'),
('al-walker', 'AL', 'Walker', 'Walker County, Alabama', 0, 'coming_soon'),
('al-washington', 'AL', 'Washington', 'Washington County, Alabama', 0, 'coming_soon'),
('al-wilcox', 'AL', 'Wilcox', 'Wilcox County, Alabama', 0, 'coming_soon'),
('al-winston', 'AL', 'Winston', 'Winston County, Alabama', 0, 'coming_soon'),

-- Alaska (30 boroughs/census areas)
('ak-aleutians-east', 'AK', 'Aleutians East', 'Aleutians East Borough, Alaska', 0, 'coming_soon'),
('ak-aleutians-west', 'AK', 'Aleutians West', 'Aleutians West Census Area, Alaska', 0, 'coming_soon'),
('ak-anchorage', 'AK', 'Anchorage', 'Anchorage Municipality, Alaska', 0, 'coming_soon'),
('ak-bethel', 'AK', 'Bethel', 'Bethel Census Area, Alaska', 0, 'coming_soon'),
('ak-bristol-bay', 'AK', 'Bristol Bay', 'Bristol Bay Borough, Alaska', 0, 'coming_soon'),
('ak-denali', 'AK', 'Denali', 'Denali Borough, Alaska', 0, 'coming_soon'),
('ak-dillingham', 'AK', 'Dillingham', 'Dillingham Census Area, Alaska', 0, 'coming_soon'),
('ak-fairbanks-north-star', 'AK', 'Fairbanks North Star', 'Fairbanks North Star Borough, Alaska', 0, 'coming_soon'),
('ak-haines', 'AK', 'Haines', 'Haines Borough, Alaska', 0, 'coming_soon'),
('ak-hoonah-angoon', 'AK', 'Hoonah-Angoon', 'Hoonah-Angoon Census Area, Alaska', 0, 'coming_soon'),
('ak-juneau', 'AK', 'Juneau', 'Juneau City and Borough, Alaska', 0, 'coming_soon'),
('ak-kenai-peninsula', 'AK', 'Kenai Peninsula', 'Kenai Peninsula Borough, Alaska', 0, 'coming_soon'),
('ak-ketchikan-gateway', 'AK', 'Ketchikan Gateway', 'Ketchikan Gateway Borough, Alaska', 0, 'coming_soon'),
('ak-kodiak-island', 'AK', 'Kodiak Island', 'Kodiak Island Borough, Alaska', 0, 'coming_soon'),
('ak-kusilvak', 'AK', 'Kusilvak', 'Kusilvak Census Area, Alaska', 0, 'coming_soon'),
('ak-lake-and-peninsula', 'AK', 'Lake and Peninsula', 'Lake and Peninsula Borough, Alaska', 0, 'coming_soon'),
('ak-matanuska-susitna', 'AK', 'Matanuska-Susitna', 'Matanuska-Susitna Borough, Alaska', 0, 'coming_soon'),
('ak-nome', 'AK', 'Nome', 'Nome Census Area, Alaska', 0, 'coming_soon'),
('ak-north-slope', 'AK', 'North Slope', 'North Slope Borough, Alaska', 0, 'coming_soon'),
('ak-northwest-arctic', 'AK', 'Northwest Arctic', 'Northwest Arctic Borough, Alaska', 0, 'coming_soon'),
('ak-petersburg', 'AK', 'Petersburg', 'Petersburg Borough, Alaska', 0, 'coming_soon'),
('ak-prince-of-wales-hyder', 'AK', 'Prince of Wales-Hyder', 'Prince of Wales-Hyder Census Area, Alaska', 0, 'coming_soon'),
('ak-sitka', 'AK', 'Sitka', 'Sitka City and Borough, Alaska', 0, 'coming_soon'),
('ak-skagway', 'AK', 'Skagway', 'Skagway Municipality, Alaska', 0, 'coming_soon'),
('ak-southeast-fairbanks', 'AK', 'Southeast Fairbanks', 'Southeast Fairbanks Census Area, Alaska', 0, 'coming_soon'),
('ak-valdez-cordova', 'AK', 'Valdez-Cordova', 'Valdez-Cordova Census Area, Alaska', 0, 'coming_soon'),
('ak-wrangell', 'AK', 'Wrangell', 'Wrangell City and Borough, Alaska', 0, 'coming_soon'),
('ak-yakutat', 'AK', 'Yakutat', 'Yakutat City and Borough, Alaska', 0, 'coming_soon'),
('ak-yukon-koyukuk', 'AK', 'Yukon-Koyukuk', 'Yukon-Koyukuk Census Area, Alaska', 0, 'coming_soon'),

-- Arizona (15 counties)
('az-apache', 'AZ', 'Apache', 'Apache County, Arizona', 0, 'coming_soon'),
('az-cochise', 'AZ', 'Cochise', 'Cochise County, Arizona', 0, 'coming_soon'),
('az-coconino', 'AZ', 'Coconino', 'Coconino County, Arizona', 0, 'coming_soon'),
('az-gila', 'AZ', 'Gila', 'Gila County, Arizona', 0, 'coming_soon'),
('az-graham', 'AZ', 'Graham', 'Graham County, Arizona', 0, 'coming_soon'),
('az-greenlee', 'AZ', 'Greenlee', 'Greenlee County, Arizona', 0, 'coming_soon'),
('az-la-paz', 'AZ', 'La Paz', 'La Paz County, Arizona', 0, 'coming_soon'),
('az-maricopa', 'AZ', 'Maricopa', 'Maricopa County, Arizona', 0, 'coming_soon'),
('az-mohave', 'AZ', 'Mohave', 'Mohave County, Arizona', 0, 'coming_soon'),
('az-navajo', 'AZ', 'Navajo', 'Navajo County, Arizona', 0, 'coming_soon'),
('az-pima', 'AZ', 'Pima', 'Pima County, Arizona', 0, 'coming_soon'),
('az-pinal', 'AZ', 'Pinal', 'Pinal County, Arizona', 0, 'coming_soon'),
('az-santa-cruz', 'AZ', 'Santa Cruz', 'Santa Cruz County, Arizona', 0, 'coming_soon'),
('az-yavapai', 'AZ', 'Yavapai', 'Yavapai County, Arizona', 0, 'coming_soon'),
('az-yuma', 'AZ', 'Yuma', 'Yuma County, Arizona', 0, 'coming_soon'),

-- Arkansas (75 counties)
('ar-arkansas', 'AR', 'Arkansas', 'Arkansas County, Arkansas', 0, 'coming_soon'),
('ar-ashley', 'AR', 'Ashley', 'Ashley County, Arkansas', 0, 'coming_soon'),
('ar-baxter', 'AR', 'Baxter', 'Baxter County, Arkansas', 0, 'coming_soon'),
('ar-benton', 'AR', 'Benton', 'Benton County, Arkansas', 0, 'coming_soon'),
('ar-boone', 'AR', 'Boone', 'Boone County, Arkansas', 0, 'coming_soon'),
('ar-bradley', 'AR', 'Bradley', 'Bradley County, Arkansas', 0, 'coming_soon'),
('ar-calhoun', 'AR', 'Calhoun', 'Calhoun County, Arkansas', 0, 'coming_soon'),
('ar-carroll', 'AR', 'Carroll', 'Carroll County, Arkansas', 0, 'coming_soon'),
('ar-chicot', 'AR', 'Chicot', 'Chicot County, Arkansas', 0, 'coming_soon'),
('ar-clark', 'AR', 'Clark', 'Clark County, Arkansas', 0, 'coming_soon'),
('ar-clay', 'AR', 'Clay', 'Clay County, Arkansas', 0, 'coming_soon'),
('ar-cleburne', 'AR', 'Cleburne', 'Cleburne County, Arkansas', 0, 'coming_soon'),
('ar-cleveland', 'AR', 'Cleveland', 'Cleveland County, Arkansas', 0, 'coming_soon'),
('ar-columbia', 'AR', 'Columbia', 'Columbia County, Arkansas', 0, 'coming_soon'),
('ar-conway', 'AR', 'Conway', 'Conway County, Arkansas', 0, 'coming_soon'),
('ar-craighead', 'AR', 'Craighead', 'Craighead County, Arkansas', 0, 'coming_soon'),
('ar-crawford', 'AR', 'Crawford', 'Crawford County, Arkansas', 0, 'coming_soon'),
('ar-crittenden', 'AR', 'Crittenden', 'Crittenden County, Arkansas', 0, 'coming_soon'),
('ar-cross', 'AR', 'Cross', 'Cross County, Arkansas', 0, 'coming_soon'),
('ar-dallas', 'AR', 'Dallas', 'Dallas County, Arkansas', 0, 'coming_soon'),
('ar-desha', 'AR', 'Desha', 'Desha County, Arkansas', 0, 'coming_soon'),
('ar-drew', 'AR', 'Drew', 'Drew County, Arkansas', 0, 'coming_soon'),
('ar-faulkner', 'AR', 'Faulkner', 'Faulkner County, Arkansas', 0, 'coming_soon'),
('ar-franklin', 'AR', 'Franklin', 'Franklin County, Arkansas', 0, 'coming_soon'),
('ar-fulton', 'AR', 'Fulton', 'Fulton County, Arkansas', 0, 'coming_soon'),
('ar-garland', 'AR', 'Garland', 'Garland County, Arkansas', 0, 'coming_soon'),
('ar-grant', 'AR', 'Grant', 'Grant County, Arkansas', 0, 'coming_soon'),
('ar-greene', 'AR', 'Greene', 'Greene County, Arkansas', 0, 'coming_soon'),
('ar-hempstead', 'AR', 'Hempstead', 'Hempstead County, Arkansas', 0, 'coming_soon'),
('ar-hot-spring', 'AR', 'Hot Spring', 'Hot Spring County, Arkansas', 0, 'coming_soon'),
('ar-howard', 'AR', 'Howard', 'Howard County, Arkansas', 0, 'coming_soon'),
('ar-independence', 'AR', 'Independence', 'Independence County, Arkansas', 0, 'coming_soon'),
('ar-izard', 'AR', 'Izard', 'Izard County, Arkansas', 0, 'coming_soon'),
('ar-jackson', 'AR', 'Jackson', 'Jackson County, Arkansas', 0, 'coming_soon'),
('ar-jefferson', 'AR', 'Jefferson', 'Jefferson County, Arkansas', 0, 'coming_soon'),
('ar-johnson', 'AR', 'Johnson', 'Johnson County, Arkansas', 0, 'coming_soon'),
('ar-lafayette', 'AR', 'Lafayette', 'Lafayette County, Arkansas', 0, 'coming_soon'),
('ar-lawrence', 'AR', 'Lawrence', 'Lawrence County, Arkansas', 0, 'coming_soon'),
('ar-lee', 'AR', 'Lee', 'Lee County, Arkansas', 0, 'coming_soon'),
('ar-lincoln', 'AR', 'Lincoln', 'Lincoln County, Arkansas', 0, 'coming_soon'),
('ar-little-river', 'AR', 'Little River', 'Little River County, Arkansas', 0, 'coming_soon'),
('ar-logan', 'AR', 'Logan', 'Logan County, Arkansas', 0, 'coming_soon'),
('ar-lonoke', 'AR', 'Lonoke', 'Lonoke County, Arkansas', 0, 'coming_soon'),
('ar-madison', 'AR', 'Madison', 'Madison County, Arkansas', 0, 'coming_soon'),
('ar-marion', 'AR', 'Marion', 'Marion County, Arkansas', 0, 'coming_soon'),
('ar-miller', 'AR', 'Miller', 'Miller County, Arkansas', 0, 'coming_soon'),
('ar-mississippi', 'AR', 'Mississippi', 'Mississippi County, Arkansas', 0, 'coming_soon'),
('ar-monroe', 'AR', 'Monroe', 'Monroe County, Arkansas', 0, 'coming_soon'),
('ar-montgomery', 'AR', 'Montgomery', 'Montgomery County, Arkansas', 0, 'coming_soon'),
('ar-nevada', 'AR', 'Nevada', 'Nevada County, Arkansas', 0, 'coming_soon'),
('ar-newton', 'AR', 'Newton', 'Newton County, Arkansas', 0, 'coming_soon'),
('ar-ouachita', 'AR', 'Ouachita', 'Ouachita County, Arkansas', 0, 'coming_soon'),
('ar-perry', 'AR', 'Perry', 'Perry County, Arkansas', 0, 'coming_soon'),
('ar-phillips', 'AR', 'Phillips', 'Phillips County, Arkansas', 0, 'coming_soon'),
('ar-pike', 'AR', 'Pike', 'Pike County, Arkansas', 0, 'coming_soon'),
('ar-poinsett', 'AR', 'Poinsett', 'Poinsett County, Arkansas', 0, 'coming_soon'),
('ar-polk', 'AR', 'Polk', 'Polk County, Arkansas', 0, 'coming_soon'),
('ar-pope', 'AR', 'Pope', 'Pope County, Arkansas', 0, 'coming_soon'),
('ar-prairie', 'AR', 'Prairie', 'Prairie County, Arkansas', 0, 'coming_soon'),
('ar-pulaski', 'AR', 'Pulaski', 'Pulaski County, Arkansas', 0, 'coming_soon'),
('ar-randolph', 'AR', 'Randolph', 'Randolph County, Arkansas', 0, 'coming_soon'),
('ar-saline', 'AR', 'Saline', 'Saline County, Arkansas', 0, 'coming_soon'),
('ar-scott', 'AR', 'Scott', 'Scott County, Arkansas', 0, 'coming_soon'),
('ar-searcy', 'AR', 'Searcy', 'Searcy County, Arkansas', 0, 'coming_soon'),
('ar-sebastian', 'AR', 'Sebastian', 'Sebastian County, Arkansas', 0, 'coming_soon'),
('ar-sevier', 'AR', 'Sevier', 'Sevier County, Arkansas', 0, 'coming_soon'),
('ar-sharp', 'AR', 'Sharp', 'Sharp County, Arkansas', 0, 'coming_soon'),
('ar-stone', 'AR', 'Stone', 'Stone County, Arkansas', 0, 'coming_soon'),
('ar-union', 'AR', 'Union', 'Union County, Arkansas', 0, 'coming_soon'),
('ar-van-buren', 'AR', 'Van Buren', 'Van Buren County, Arkansas', 0, 'coming_soon'),
('ar-washington', 'AR', 'Washington', 'Washington County, Arkansas', 0, 'coming_soon'),
('ar-white', 'AR', 'White', 'White County, Arkansas', 0, 'coming_soon'),
('ar-woodruff', 'AR', 'Woodruff', 'Woodruff County, Arkansas', 0, 'coming_soon'),
('ar-yell', 'AR', 'Yell', 'Yell County, Arkansas', 0, 'coming_soon'),

-- California (58 counties) - marked as not_available due to paid access
('ca-alameda', 'CA', 'Alameda', 'Alameda County, California', 0, 'not_available'),
('ca-alpine', 'CA', 'Alpine', 'Alpine County, California', 0, 'not_available'),
('ca-amador', 'CA', 'Amador', 'Amador County, California', 0, 'not_available'),
('ca-butte', 'CA', 'Butte', 'Butte County, California', 0, 'not_available'),
('ca-calaveras', 'CA', 'Calaveras', 'Calaveras County, California', 0, 'not_available'),
('ca-colusa', 'CA', 'Colusa', 'Colusa County, California', 0, 'not_available'),
('ca-contra-costa', 'CA', 'Contra Costa', 'Contra Costa County, California', 0, 'not_available'),
('ca-del-norte', 'CA', 'Del Norte', 'Del Norte County, California', 0, 'not_available'),
('ca-el-dorado', 'CA', 'El Dorado', 'El Dorado County, California', 0, 'not_available'),
('ca-fresno', 'CA', 'Fresno', 'Fresno County, California', 0, 'not_available'),
('ca-glenn', 'CA', 'Glenn', 'Glenn County, California', 0, 'not_available'),
('ca-humboldt', 'CA', 'Humboldt', 'Humboldt County, California', 0, 'not_available'),
('ca-imperial', 'CA', 'Imperial', 'Imperial County, California', 0, 'not_available'),
('ca-inyo', 'CA', 'Inyo', 'Inyo County, California', 0, 'not_available'),
('ca-kern', 'CA', 'Kern', 'Kern County, California', 0, 'not_available'),
('ca-kings', 'CA', 'Kings', 'Kings County, California', 0, 'not_available'),
('ca-lake', 'CA', 'Lake', 'Lake County, California', 0, 'not_available'),
('ca-lassen', 'CA', 'Lassen', 'Lassen County, California', 0, 'not_available'),
('ca-los-angeles', 'CA', 'Los Angeles', 'Los Angeles County, California', 0, 'not_available'),
('ca-madera', 'CA', 'Madera', 'Madera County, California', 0, 'not_available'),
('ca-marin', 'CA', 'Marin', 'Marin County, California', 0, 'not_available'),
('ca-mariposa', 'CA', 'Mariposa', 'Mariposa County, California', 0, 'not_available'),
('ca-mendocino', 'CA', 'Mendocino', 'Mendocino County, California', 0, 'not_available'),
('ca-merced', 'CA', 'Merced', 'Merced County, California', 0, 'not_available'),
('ca-modoc', 'CA', 'Modoc', 'Modoc County, California', 0, 'not_available'),
('ca-mono', 'CA', 'Mono', 'Mono County, California', 0, 'not_available'),
('ca-monterey', 'CA', 'Monterey', 'Monterey County, California', 0, 'not_available'),
('ca-napa', 'CA', 'Napa', 'Napa County, California', 0, 'not_available'),
('ca-nevada', 'CA', 'Nevada', 'Nevada County, California', 0, 'not_available'),
('ca-orange', 'CA', 'Orange', 'Orange County, California', 0, 'not_available'),
('ca-placer', 'CA', 'Placer', 'Placer County, California', 0, 'not_available'),
('ca-plumas', 'CA', 'Plumas', 'Plumas County, California', 0, 'not_available'),
('ca-riverside', 'CA', 'Riverside', 'Riverside County, California', 0, 'not_available'),
('ca-sacramento', 'CA', 'Sacramento', 'Sacramento County, California', 0, 'not_available'),
('ca-san-benito', 'CA', 'San Benito', 'San Benito County, California', 0, 'not_available'),
('ca-san-bernardino', 'CA', 'San Bernardino', 'San Bernardino County, California', 0, 'not_available'),
('ca-san-diego', 'CA', 'San Diego', 'San Diego County, California', 0, 'not_available'),
('ca-san-francisco', 'CA', 'San Francisco', 'San Francisco County, California', 0, 'not_available'),
('ca-san-joaquin', 'CA', 'San Joaquin', 'San Joaquin County, California', 0, 'not_available'),
('ca-san-luis-obispo', 'CA', 'San Luis Obispo', 'San Luis Obispo County, California', 0, 'not_available'),
('ca-san-mateo', 'CA', 'San Mateo', 'San Mateo County, California', 0, 'not_available'),
('ca-santa-barbara', 'CA', 'Santa Barbara', 'Santa Barbara County, California', 0, 'not_available'),
('ca-santa-clara', 'CA', 'Santa Clara', 'Santa Clara County, California', 0, 'not_available'),
('ca-santa-cruz', 'CA', 'Santa Cruz', 'Santa Cruz County, California', 0, 'not_available'),
('ca-shasta', 'CA', 'Shasta', 'Shasta County, California', 0, 'not_available'),
('ca-sierra', 'CA', 'Sierra', 'Sierra County, California', 0, 'not_available'),
('ca-siskiyou', 'CA', 'Siskiyou', 'Siskiyou County, California', 0, 'not_available'),
('ca-solano', 'CA', 'Solano', 'Solano County, California', 0, 'not_available'),
('ca-sonoma', 'CA', 'Sonoma', 'Sonoma County, California', 0, 'not_available'),
('ca-stanislaus', 'CA', 'Stanislaus', 'Stanislaus County, California', 0, 'not_available'),
('ca-sutter', 'CA', 'Sutter', 'Sutter County, California', 0, 'not_available'),
('ca-tehama', 'CA', 'Tehama', 'Tehama County, California', 0, 'not_available'),
('ca-trinity', 'CA', 'Trinity', 'Trinity County, California', 0, 'not_available'),
('ca-tulare', 'CA', 'Tulare', 'Tulare County, California', 0, 'not_available'),
('ca-tuolumne', 'CA', 'Tuolumne', 'Tuolumne County, California', 0, 'not_available'),
('ca-ventura', 'CA', 'Ventura', 'Ventura County, California', 0, 'not_available'),
('ca-yolo', 'CA', 'Yolo', 'Yolo County, California', 0, 'not_available'),
('ca-yuba', 'CA', 'Yuba', 'Yuba County, California', 0, 'not_available')

ON CONFLICT (jurisdiction_code) DO NOTHING;
