-- Seed all US counties - Part 2 (Illinois through Wyoming)
-- Run this in Supabase SQL Editor AFTER part 1

INSERT INTO jurisdictions (jurisdiction_code, state_code, county_name, display_name, status) VALUES
-- Illinois (102 counties)
('il-adams', 'IL', 'Adams', 'Adams County, IL', 'coming_soon'),
('il-alexander', 'IL', 'Alexander', 'Alexander County, IL', 'coming_soon'),
('il-bond', 'IL', 'Bond', 'Bond County, IL', 'coming_soon'),
('il-boone', 'IL', 'Boone', 'Boone County, IL', 'coming_soon'),
('il-brown', 'IL', 'Brown', 'Brown County, IL', 'coming_soon'),
('il-bureau', 'IL', 'Bureau', 'Bureau County, IL', 'coming_soon'),
('il-calhoun', 'IL', 'Calhoun', 'Calhoun County, IL', 'coming_soon'),
('il-carroll', 'IL', 'Carroll', 'Carroll County, IL', 'coming_soon'),
('il-cass', 'IL', 'Cass', 'Cass County, IL', 'coming_soon'),
('il-champaign', 'IL', 'Champaign', 'Champaign County, IL', 'coming_soon'),
('il-christian', 'IL', 'Christian', 'Christian County, IL', 'coming_soon'),
('il-clark', 'IL', 'Clark', 'Clark County, IL', 'coming_soon'),
('il-clay', 'IL', 'Clay', 'Clay County, IL', 'coming_soon'),
('il-clinton', 'IL', 'Clinton', 'Clinton County, IL', 'coming_soon'),
('il-coles', 'IL', 'Coles', 'Coles County, IL', 'coming_soon'),
('il-cook', 'IL', 'Cook', 'Cook County, IL', 'coming_soon'),
('il-crawford', 'IL', 'Crawford', 'Crawford County, IL', 'coming_soon'),
('il-cumberland', 'IL', 'Cumberland', 'Cumberland County, IL', 'coming_soon'),
('il-dekalb', 'IL', 'DeKalb', 'DeKalb County, IL', 'coming_soon'),
('il-dewitt', 'IL', 'DeWitt', 'DeWitt County, IL', 'coming_soon'),
('il-douglas', 'IL', 'Douglas', 'Douglas County, IL', 'coming_soon'),
('il-dupage', 'IL', 'DuPage', 'DuPage County, IL', 'coming_soon'),
('il-edgar', 'IL', 'Edgar', 'Edgar County, IL', 'coming_soon'),
('il-edwards', 'IL', 'Edwards', 'Edwards County, IL', 'coming_soon'),
('il-effingham', 'IL', 'Effingham', 'Effingham County, IL', 'coming_soon'),
('il-fayette', 'IL', 'Fayette', 'Fayette County, IL', 'coming_soon'),
('il-ford', 'IL', 'Ford', 'Ford County, IL', 'coming_soon'),
('il-franklin', 'IL', 'Franklin', 'Franklin County, IL', 'coming_soon'),
('il-fulton', 'IL', 'Fulton', 'Fulton County, IL', 'coming_soon'),
('il-gallatin', 'IL', 'Gallatin', 'Gallatin County, IL', 'coming_soon'),
('il-greene', 'IL', 'Greene', 'Greene County, IL', 'coming_soon'),
('il-grundy', 'IL', 'Grundy', 'Grundy County, IL', 'coming_soon'),
('il-hamilton', 'IL', 'Hamilton', 'Hamilton County, IL', 'coming_soon'),
('il-hancock', 'IL', 'Hancock', 'Hancock County, IL', 'coming_soon'),
('il-hardin', 'IL', 'Hardin', 'Hardin County, IL', 'coming_soon'),
('il-henderson', 'IL', 'Henderson', 'Henderson County, IL', 'coming_soon'),
('il-henry', 'IL', 'Henry', 'Henry County, IL', 'coming_soon'),
('il-iroquois', 'IL', 'Iroquois', 'Iroquois County, IL', 'coming_soon'),
('il-jackson', 'IL', 'Jackson', 'Jackson County, IL', 'coming_soon'),
('il-jasper', 'IL', 'Jasper', 'Jasper County, IL', 'coming_soon'),
('il-jefferson', 'IL', 'Jefferson', 'Jefferson County, IL', 'coming_soon'),
('il-jersey', 'IL', 'Jersey', 'Jersey County, IL', 'coming_soon'),
('il-jo-daviess', 'IL', 'Jo Daviess', 'Jo Daviess County, IL', 'coming_soon'),
('il-johnson', 'IL', 'Johnson', 'Johnson County, IL', 'coming_soon'),
('il-kane', 'IL', 'Kane', 'Kane County, IL', 'coming_soon'),
('il-kankakee', 'IL', 'Kankakee', 'Kankakee County, IL', 'coming_soon'),
('il-kendall', 'IL', 'Kendall', 'Kendall County, IL', 'coming_soon'),
('il-knox', 'IL', 'Knox', 'Knox County, IL', 'coming_soon'),
('il-lake', 'IL', 'Lake', 'Lake County, IL', 'coming_soon'),
('il-lasalle', 'IL', 'LaSalle', 'LaSalle County, IL', 'coming_soon'),
('il-lawrence', 'IL', 'Lawrence', 'Lawrence County, IL', 'coming_soon'),
('il-lee', 'IL', 'Lee', 'Lee County, IL', 'coming_soon'),
('il-livingston', 'IL', 'Livingston', 'Livingston County, IL', 'coming_soon'),
('il-logan', 'IL', 'Logan', 'Logan County, IL', 'coming_soon'),
('il-macon', 'IL', 'Macon', 'Macon County, IL', 'coming_soon'),
('il-macoupin', 'IL', 'Macoupin', 'Macoupin County, IL', 'coming_soon'),
('il-madison', 'IL', 'Madison', 'Madison County, IL', 'coming_soon'),
('il-marion', 'IL', 'Marion', 'Marion County, IL', 'coming_soon'),
('il-marshall', 'IL', 'Marshall', 'Marshall County, IL', 'coming_soon'),
('il-mason', 'IL', 'Mason', 'Mason County, IL', 'coming_soon'),
('il-massac', 'IL', 'Massac', 'Massac County, IL', 'coming_soon'),
('il-mcdonough', 'IL', 'McDonough', 'McDonough County, IL', 'coming_soon'),
('il-mchenry', 'IL', 'McHenry', 'McHenry County, IL', 'coming_soon'),
('il-mclean', 'IL', 'McLean', 'McLean County, IL', 'coming_soon'),
('il-menard', 'IL', 'Menard', 'Menard County, IL', 'coming_soon'),
('il-mercer', 'IL', 'Mercer', 'Mercer County, IL', 'coming_soon'),
('il-monroe', 'IL', 'Monroe', 'Monroe County, IL', 'coming_soon'),
('il-montgomery', 'IL', 'Montgomery', 'Montgomery County, IL', 'coming_soon'),
('il-morgan', 'IL', 'Morgan', 'Morgan County, IL', 'coming_soon'),
('il-moultrie', 'IL', 'Moultrie', 'Moultrie County, IL', 'coming_soon'),
('il-ogle', 'IL', 'Ogle', 'Ogle County, IL', 'coming_soon'),
('il-peoria', 'IL', 'Peoria', 'Peoria County, IL', 'coming_soon'),
('il-perry', 'IL', 'Perry', 'Perry County, IL', 'coming_soon'),
('il-piatt', 'IL', 'Piatt', 'Piatt County, IL', 'coming_soon'),
('il-pike', 'IL', 'Pike', 'Pike County, IL', 'coming_soon'),
('il-pope', 'IL', 'Pope', 'Pope County, IL', 'coming_soon'),
('il-pulaski', 'IL', 'Pulaski', 'Pulaski County, IL', 'coming_soon'),
('il-putnam', 'IL', 'Putnam', 'Putnam County, IL', 'coming_soon'),
('il-randolph', 'IL', 'Randolph', 'Randolph County, IL', 'coming_soon'),
('il-richland', 'IL', 'Richland', 'Richland County, IL', 'coming_soon'),
('il-rock-island', 'IL', 'Rock Island', 'Rock Island County, IL', 'coming_soon'),
('il-saline', 'IL', 'Saline', 'Saline County, IL', 'coming_soon'),
('il-sangamon', 'IL', 'Sangamon', 'Sangamon County, IL', 'coming_soon'),
('il-schuyler', 'IL', 'Schuyler', 'Schuyler County, IL', 'coming_soon'),
('il-scott', 'IL', 'Scott', 'Scott County, IL', 'coming_soon'),
('il-shelby', 'IL', 'Shelby', 'Shelby County, IL', 'coming_soon'),
('il-st-clair', 'IL', 'St. Clair', 'St. Clair County, IL', 'coming_soon'),
('il-stark', 'IL', 'Stark', 'Stark County, IL', 'coming_soon'),
('il-stephenson', 'IL', 'Stephenson', 'Stephenson County, IL', 'coming_soon'),
('il-tazewell', 'IL', 'Tazewell', 'Tazewell County, IL', 'coming_soon'),
('il-union', 'IL', 'Union', 'Union County, IL', 'coming_soon'),
('il-vermilion', 'IL', 'Vermilion', 'Vermilion County, IL', 'coming_soon'),
('il-wabash', 'IL', 'Wabash', 'Wabash County, IL', 'coming_soon'),
('il-warren', 'IL', 'Warren', 'Warren County, IL', 'coming_soon'),
('il-washington', 'IL', 'Washington', 'Washington County, IL', 'coming_soon'),
('il-wayne', 'IL', 'Wayne', 'Wayne County, IL', 'coming_soon'),
('il-white', 'IL', 'White', 'White County, IL', 'coming_soon'),
('il-whiteside', 'IL', 'Whiteside', 'Whiteside County, IL', 'coming_soon'),
('il-will', 'IL', 'Will', 'Will County, IL', 'coming_soon'),
('il-williamson', 'IL', 'Williamson', 'Williamson County, IL', 'coming_soon'),
('il-winnebago', 'IL', 'Winnebago', 'Winnebago County, IL', 'coming_soon'),
('il-woodford', 'IL', 'Woodford', 'Woodford County, IL', 'coming_soon'),

-- Indiana (92 counties)
('in-adams', 'IN', 'Adams', 'Adams County, IN', 'coming_soon'),
('in-allen', 'IN', 'Allen', 'Allen County, IN', 'coming_soon'),
('in-bartholomew', 'IN', 'Bartholomew', 'Bartholomew County, IN', 'coming_soon'),
('in-benton', 'IN', 'Benton', 'Benton County, IN', 'coming_soon'),
('in-blackford', 'IN', 'Blackford', 'Blackford County, IN', 'coming_soon'),
('in-boone', 'IN', 'Boone', 'Boone County, IN', 'coming_soon'),
('in-brown', 'IN', 'Brown', 'Brown County, IN', 'coming_soon'),
('in-carroll', 'IN', 'Carroll', 'Carroll County, IN', 'coming_soon'),
('in-cass', 'IN', 'Cass', 'Cass County, IN', 'coming_soon'),
('in-clark', 'IN', 'Clark', 'Clark County, IN', 'coming_soon'),
('in-clay', 'IN', 'Clay', 'Clay County, IN', 'coming_soon'),
('in-clinton', 'IN', 'Clinton', 'Clinton County, IN', 'coming_soon'),
('in-crawford', 'IN', 'Crawford', 'Crawford County, IN', 'coming_soon'),
('in-daviess', 'IN', 'Daviess', 'Daviess County, IN', 'coming_soon'),
('in-dearborn', 'IN', 'Dearborn', 'Dearborn County, IN', 'coming_soon'),
('in-decatur', 'IN', 'Decatur', 'Decatur County, IN', 'coming_soon'),
('in-dekalb', 'IN', 'DeKalb', 'DeKalb County, IN', 'coming_soon'),
('in-delaware', 'IN', 'Delaware', 'Delaware County, IN', 'coming_soon'),
('in-dubois', 'IN', 'Dubois', 'Dubois County, IN', 'coming_soon'),
('in-elkhart', 'IN', 'Elkhart', 'Elkhart County, IN', 'coming_soon'),
('in-fayette', 'IN', 'Fayette', 'Fayette County, IN', 'coming_soon'),
('in-floyd', 'IN', 'Floyd', 'Floyd County, IN', 'coming_soon'),
('in-fountain', 'IN', 'Fountain', 'Fountain County, IN', 'coming_soon'),
('in-franklin', 'IN', 'Franklin', 'Franklin County, IN', 'coming_soon'),
('in-fulton', 'IN', 'Fulton', 'Fulton County, IN', 'coming_soon'),
('in-gibson', 'IN', 'Gibson', 'Gibson County, IN', 'coming_soon'),
('in-grant', 'IN', 'Grant', 'Grant County, IN', 'coming_soon'),
('in-greene', 'IN', 'Greene', 'Greene County, IN', 'coming_soon'),
('in-hamilton', 'IN', 'Hamilton', 'Hamilton County, IN', 'coming_soon'),
('in-hancock', 'IN', 'Hancock', 'Hancock County, IN', 'coming_soon'),
('in-harrison', 'IN', 'Harrison', 'Harrison County, IN', 'coming_soon'),
('in-hendricks', 'IN', 'Hendricks', 'Hendricks County, IN', 'coming_soon'),
('in-henry', 'IN', 'Henry', 'Henry County, IN', 'coming_soon'),
('in-howard', 'IN', 'Howard', 'Howard County, IN', 'coming_soon'),
('in-huntington', 'IN', 'Huntington', 'Huntington County, IN', 'coming_soon'),
('in-jackson', 'IN', 'Jackson', 'Jackson County, IN', 'coming_soon'),
('in-jasper', 'IN', 'Jasper', 'Jasper County, IN', 'coming_soon'),
('in-jay', 'IN', 'Jay', 'Jay County, IN', 'coming_soon'),
('in-jefferson', 'IN', 'Jefferson', 'Jefferson County, IN', 'coming_soon'),
('in-jennings', 'IN', 'Jennings', 'Jennings County, IN', 'coming_soon'),
('in-johnson', 'IN', 'Johnson', 'Johnson County, IN', 'coming_soon'),
('in-knox', 'IN', 'Knox', 'Knox County, IN', 'coming_soon'),
('in-kosciusko', 'IN', 'Kosciusko', 'Kosciusko County, IN', 'coming_soon'),
('in-lagrange', 'IN', 'LaGrange', 'LaGrange County, IN', 'coming_soon'),
('in-lake', 'IN', 'Lake', 'Lake County, IN', 'coming_soon'),
('in-laporte', 'IN', 'LaPorte', 'LaPorte County, IN', 'coming_soon'),
('in-lawrence', 'IN', 'Lawrence', 'Lawrence County, IN', 'coming_soon'),
('in-madison', 'IN', 'Madison', 'Madison County, IN', 'coming_soon'),
('in-marion', 'IN', 'Marion', 'Marion County, IN', 'coming_soon'),
('in-marshall', 'IN', 'Marshall', 'Marshall County, IN', 'coming_soon'),
('in-martin', 'IN', 'Martin', 'Martin County, IN', 'coming_soon'),
('in-miami', 'IN', 'Miami', 'Miami County, IN', 'coming_soon'),
('in-monroe', 'IN', 'Monroe', 'Monroe County, IN', 'coming_soon'),
('in-montgomery', 'IN', 'Montgomery', 'Montgomery County, IN', 'coming_soon'),
('in-morgan', 'IN', 'Morgan', 'Morgan County, IN', 'coming_soon'),
('in-newton', 'IN', 'Newton', 'Newton County, IN', 'coming_soon'),
('in-noble', 'IN', 'Noble', 'Noble County, IN', 'coming_soon'),
('in-ohio', 'IN', 'Ohio', 'Ohio County, IN', 'coming_soon'),
('in-orange', 'IN', 'Orange', 'Orange County, IN', 'coming_soon'),
('in-owen', 'IN', 'Owen', 'Owen County, IN', 'coming_soon'),
('in-parke', 'IN', 'Parke', 'Parke County, IN', 'coming_soon'),
('in-perry', 'IN', 'Perry', 'Perry County, IN', 'coming_soon'),
('in-pike', 'IN', 'Pike', 'Pike County, IN', 'coming_soon'),
('in-porter', 'IN', 'Porter', 'Porter County, IN', 'coming_soon'),
('in-posey', 'IN', 'Posey', 'Posey County, IN', 'coming_soon'),
('in-pulaski', 'IN', 'Pulaski', 'Pulaski County, IN', 'coming_soon'),
('in-putnam', 'IN', 'Putnam', 'Putnam County, IN', 'coming_soon'),
('in-randolph', 'IN', 'Randolph', 'Randolph County, IN', 'coming_soon'),
('in-ripley', 'IN', 'Ripley', 'Ripley County, IN', 'coming_soon'),
('in-rush', 'IN', 'Rush', 'Rush County, IN', 'coming_soon'),
('in-scott', 'IN', 'Scott', 'Scott County, IN', 'coming_soon'),
('in-shelby', 'IN', 'Shelby', 'Shelby County, IN', 'coming_soon'),
('in-spencer', 'IN', 'Spencer', 'Spencer County, IN', 'coming_soon'),
('in-st-joseph', 'IN', 'St. Joseph', 'St. Joseph County, IN', 'coming_soon'),
('in-starke', 'IN', 'Starke', 'Starke County, IN', 'coming_soon'),
('in-steuben', 'IN', 'Steuben', 'Steuben County, IN', 'coming_soon'),
('in-sullivan', 'IN', 'Sullivan', 'Sullivan County, IN', 'coming_soon'),
('in-switzerland', 'IN', 'Switzerland', 'Switzerland County, IN', 'coming_soon'),
('in-tippecanoe', 'IN', 'Tippecanoe', 'Tippecanoe County, IN', 'coming_soon'),
('in-tipton', 'IN', 'Tipton', 'Tipton County, IN', 'coming_soon'),
('in-union', 'IN', 'Union', 'Union County, IN', 'coming_soon'),
('in-vanderburgh', 'IN', 'Vanderburgh', 'Vanderburgh County, IN', 'coming_soon'),
('in-vermillion', 'IN', 'Vermillion', 'Vermillion County, IN', 'coming_soon'),
('in-vigo', 'IN', 'Vigo', 'Vigo County, IN', 'coming_soon'),
('in-wabash', 'IN', 'Wabash', 'Wabash County, IN', 'coming_soon'),
('in-warren', 'IN', 'Warren', 'Warren County, IN', 'coming_soon'),
('in-warrick', 'IN', 'Warrick', 'Warrick County, IN', 'coming_soon'),
('in-washington', 'IN', 'Washington', 'Washington County, IN', 'coming_soon'),
('in-wayne', 'IN', 'Wayne', 'Wayne County, IN', 'coming_soon'),
('in-wells', 'IN', 'Wells', 'Wells County, IN', 'coming_soon'),
('in-white', 'IN', 'White', 'White County, IN', 'coming_soon'),
('in-whitley', 'IN', 'Whitley', 'Whitley County, IN', 'coming_soon'),

-- Iowa (99 counties)
('ia-adair', 'IA', 'Adair', 'Adair County, IA', 'coming_soon'),
('ia-adams', 'IA', 'Adams', 'Adams County, IA', 'coming_soon'),
('ia-allamakee', 'IA', 'Allamakee', 'Allamakee County, IA', 'coming_soon'),
('ia-appanoose', 'IA', 'Appanoose', 'Appanoose County, IA', 'coming_soon'),
('ia-audubon', 'IA', 'Audubon', 'Audubon County, IA', 'coming_soon'),
('ia-benton', 'IA', 'Benton', 'Benton County, IA', 'coming_soon'),
('ia-black-hawk', 'IA', 'Black Hawk', 'Black Hawk County, IA', 'coming_soon'),
('ia-boone', 'IA', 'Boone', 'Boone County, IA', 'coming_soon'),
('ia-bremer', 'IA', 'Bremer', 'Bremer County, IA', 'coming_soon'),
('ia-buchanan', 'IA', 'Buchanan', 'Buchanan County, IA', 'coming_soon'),
('ia-buena-vista', 'IA', 'Buena Vista', 'Buena Vista County, IA', 'coming_soon'),
('ia-butler', 'IA', 'Butler', 'Butler County, IA', 'coming_soon'),
('ia-calhoun', 'IA', 'Calhoun', 'Calhoun County, IA', 'coming_soon'),
('ia-carroll', 'IA', 'Carroll', 'Carroll County, IA', 'coming_soon'),
('ia-cass', 'IA', 'Cass', 'Cass County, IA', 'coming_soon'),
('ia-cedar', 'IA', 'Cedar', 'Cedar County, IA', 'coming_soon'),
('ia-cerro-gordo', 'IA', 'Cerro Gordo', 'Cerro Gordo County, IA', 'coming_soon'),
('ia-cherokee', 'IA', 'Cherokee', 'Cherokee County, IA', 'coming_soon'),
('ia-chickasaw', 'IA', 'Chickasaw', 'Chickasaw County, IA', 'coming_soon'),
('ia-clarke', 'IA', 'Clarke', 'Clarke County, IA', 'coming_soon'),
('ia-clay', 'IA', 'Clay', 'Clay County, IA', 'coming_soon'),
('ia-clayton', 'IA', 'Clayton', 'Clayton County, IA', 'coming_soon'),
('ia-clinton', 'IA', 'Clinton', 'Clinton County, IA', 'coming_soon'),
('ia-crawford', 'IA', 'Crawford', 'Crawford County, IA', 'coming_soon'),
('ia-dallas', 'IA', 'Dallas', 'Dallas County, IA', 'coming_soon'),
('ia-davis', 'IA', 'Davis', 'Davis County, IA', 'coming_soon'),
('ia-decatur', 'IA', 'Decatur', 'Decatur County, IA', 'coming_soon'),
('ia-delaware', 'IA', 'Delaware', 'Delaware County, IA', 'coming_soon'),
('ia-des-moines', 'IA', 'Des Moines', 'Des Moines County, IA', 'coming_soon'),
('ia-dickinson', 'IA', 'Dickinson', 'Dickinson County, IA', 'coming_soon'),
('ia-dubuque', 'IA', 'Dubuque', 'Dubuque County, IA', 'coming_soon'),
('ia-emmet', 'IA', 'Emmet', 'Emmet County, IA', 'coming_soon'),
('ia-fayette', 'IA', 'Fayette', 'Fayette County, IA', 'coming_soon'),
('ia-floyd', 'IA', 'Floyd', 'Floyd County, IA', 'coming_soon'),
('ia-franklin', 'IA', 'Franklin', 'Franklin County, IA', 'coming_soon'),
('ia-fremont', 'IA', 'Fremont', 'Fremont County, IA', 'coming_soon'),
('ia-greene', 'IA', 'Greene', 'Greene County, IA', 'coming_soon'),
('ia-grundy', 'IA', 'Grundy', 'Grundy County, IA', 'coming_soon'),
('ia-guthrie', 'IA', 'Guthrie', 'Guthrie County, IA', 'coming_soon'),
('ia-hamilton', 'IA', 'Hamilton', 'Hamilton County, IA', 'coming_soon'),
('ia-hancock', 'IA', 'Hancock', 'Hancock County, IA', 'coming_soon'),
('ia-hardin', 'IA', 'Hardin', 'Hardin County, IA', 'coming_soon'),
('ia-harrison', 'IA', 'Harrison', 'Harrison County, IA', 'coming_soon'),
('ia-henry', 'IA', 'Henry', 'Henry County, IA', 'coming_soon'),
('ia-howard', 'IA', 'Howard', 'Howard County, IA', 'coming_soon'),
('ia-humboldt', 'IA', 'Humboldt', 'Humboldt County, IA', 'coming_soon'),
('ia-ida', 'IA', 'Ida', 'Ida County, IA', 'coming_soon'),
('ia-iowa', 'IA', 'Iowa', 'Iowa County, IA', 'coming_soon'),
('ia-jackson', 'IA', 'Jackson', 'Jackson County, IA', 'coming_soon'),
('ia-jasper', 'IA', 'Jasper', 'Jasper County, IA', 'coming_soon'),
('ia-jefferson', 'IA', 'Jefferson', 'Jefferson County, IA', 'coming_soon'),
('ia-johnson', 'IA', 'Johnson', 'Johnson County, IA', 'coming_soon'),
('ia-jones', 'IA', 'Jones', 'Jones County, IA', 'coming_soon'),
('ia-keokuk', 'IA', 'Keokuk', 'Keokuk County, IA', 'coming_soon'),
('ia-kossuth', 'IA', 'Kossuth', 'Kossuth County, IA', 'coming_soon'),
('ia-lee', 'IA', 'Lee', 'Lee County, IA', 'coming_soon'),
('ia-linn', 'IA', 'Linn', 'Linn County, IA', 'coming_soon'),
('ia-louisa', 'IA', 'Louisa', 'Louisa County, IA', 'coming_soon'),
('ia-lucas', 'IA', 'Lucas', 'Lucas County, IA', 'coming_soon'),
('ia-lyon', 'IA', 'Lyon', 'Lyon County, IA', 'coming_soon'),
('ia-madison', 'IA', 'Madison', 'Madison County, IA', 'coming_soon'),
('ia-mahaska', 'IA', 'Mahaska', 'Mahaska County, IA', 'coming_soon'),
('ia-marion', 'IA', 'Marion', 'Marion County, IA', 'coming_soon'),
('ia-marshall', 'IA', 'Marshall', 'Marshall County, IA', 'coming_soon'),
('ia-mills', 'IA', 'Mills', 'Mills County, IA', 'coming_soon'),
('ia-mitchell', 'IA', 'Mitchell', 'Mitchell County, IA', 'coming_soon'),
('ia-monona', 'IA', 'Monona', 'Monona County, IA', 'coming_soon'),
('ia-monroe', 'IA', 'Monroe', 'Monroe County, IA', 'coming_soon'),
('ia-montgomery', 'IA', 'Montgomery', 'Montgomery County, IA', 'coming_soon'),
('ia-muscatine', 'IA', 'Muscatine', 'Muscatine County, IA', 'coming_soon'),
('ia-obrien', 'IA', 'O''Brien', 'O''Brien County, IA', 'coming_soon'),
('ia-osceola', 'IA', 'Osceola', 'Osceola County, IA', 'coming_soon'),
('ia-page', 'IA', 'Page', 'Page County, IA', 'coming_soon'),
('ia-palo-alto', 'IA', 'Palo Alto', 'Palo Alto County, IA', 'coming_soon'),
('ia-plymouth', 'IA', 'Plymouth', 'Plymouth County, IA', 'coming_soon'),
('ia-pocahontas', 'IA', 'Pocahontas', 'Pocahontas County, IA', 'coming_soon'),
('ia-polk', 'IA', 'Polk', 'Polk County, IA', 'coming_soon'),
('ia-pottawattamie', 'IA', 'Pottawattamie', 'Pottawattamie County, IA', 'coming_soon'),
('ia-poweshiek', 'IA', 'Poweshiek', 'Poweshiek County, IA', 'coming_soon'),
('ia-ringgold', 'IA', 'Ringgold', 'Ringgold County, IA', 'coming_soon'),
('ia-sac', 'IA', 'Sac', 'Sac County, IA', 'coming_soon'),
('ia-scott', 'IA', 'Scott', 'Scott County, IA', 'coming_soon'),
('ia-shelby', 'IA', 'Shelby', 'Shelby County, IA', 'coming_soon'),
('ia-sioux', 'IA', 'Sioux', 'Sioux County, IA', 'coming_soon'),
('ia-story', 'IA', 'Story', 'Story County, IA', 'coming_soon'),
('ia-tama', 'IA', 'Tama', 'Tama County, IA', 'coming_soon'),
('ia-taylor', 'IA', 'Taylor', 'Taylor County, IA', 'coming_soon'),
('ia-union', 'IA', 'Union', 'Union County, IA', 'coming_soon'),
('ia-van-buren', 'IA', 'Van Buren', 'Van Buren County, IA', 'coming_soon'),
('ia-wapello', 'IA', 'Wapello', 'Wapello County, IA', 'coming_soon'),
('ia-warren', 'IA', 'Warren', 'Warren County, IA', 'coming_soon'),
('ia-washington', 'IA', 'Washington', 'Washington County, IA', 'coming_soon'),
('ia-wayne', 'IA', 'Wayne', 'Wayne County, IA', 'coming_soon'),
('ia-webster', 'IA', 'Webster', 'Webster County, IA', 'coming_soon'),
('ia-winnebago', 'IA', 'Winnebago', 'Winnebago County, IA', 'coming_soon'),
('ia-winneshiek', 'IA', 'Winneshiek', 'Winneshiek County, IA', 'coming_soon'),
('ia-woodbury', 'IA', 'Woodbury', 'Woodbury County, IA', 'coming_soon'),
('ia-worth', 'IA', 'Worth', 'Worth County, IA', 'coming_soon'),
('ia-wright', 'IA', 'Wright', 'Wright County, IA', 'coming_soon'),

-- Kansas (105 counties)
('ks-allen', 'KS', 'Allen', 'Allen County, KS', 'coming_soon'),
('ks-anderson', 'KS', 'Anderson', 'Anderson County, KS', 'coming_soon'),
('ks-atchison', 'KS', 'Atchison', 'Atchison County, KS', 'coming_soon'),
('ks-barber', 'KS', 'Barber', 'Barber County, KS', 'coming_soon'),
('ks-barton', 'KS', 'Barton', 'Barton County, KS', 'coming_soon'),
('ks-bourbon', 'KS', 'Bourbon', 'Bourbon County, KS', 'coming_soon'),
('ks-brown', 'KS', 'Brown', 'Brown County, KS', 'coming_soon'),
('ks-butler', 'KS', 'Butler', 'Butler County, KS', 'coming_soon'),
('ks-chase', 'KS', 'Chase', 'Chase County, KS', 'coming_soon'),
('ks-chautauqua', 'KS', 'Chautauqua', 'Chautauqua County, KS', 'coming_soon'),
('ks-cherokee', 'KS', 'Cherokee', 'Cherokee County, KS', 'coming_soon'),
('ks-cheyenne', 'KS', 'Cheyenne', 'Cheyenne County, KS', 'coming_soon'),
('ks-clark', 'KS', 'Clark', 'Clark County, KS', 'coming_soon'),
('ks-clay', 'KS', 'Clay', 'Clay County, KS', 'coming_soon'),
('ks-cloud', 'KS', 'Cloud', 'Cloud County, KS', 'coming_soon'),
('ks-coffey', 'KS', 'Coffey', 'Coffey County, KS', 'coming_soon'),
('ks-comanche', 'KS', 'Comanche', 'Comanche County, KS', 'coming_soon'),
('ks-cowley', 'KS', 'Cowley', 'Cowley County, KS', 'coming_soon'),
('ks-crawford', 'KS', 'Crawford', 'Crawford County, KS', 'coming_soon'),
('ks-decatur', 'KS', 'Decatur', 'Decatur County, KS', 'coming_soon'),
('ks-dickinson', 'KS', 'Dickinson', 'Dickinson County, KS', 'coming_soon'),
('ks-doniphan', 'KS', 'Doniphan', 'Doniphan County, KS', 'coming_soon'),
('ks-douglas', 'KS', 'Douglas', 'Douglas County, KS', 'coming_soon'),
('ks-edwards', 'KS', 'Edwards', 'Edwards County, KS', 'coming_soon'),
('ks-elk', 'KS', 'Elk', 'Elk County, KS', 'coming_soon'),
('ks-ellis', 'KS', 'Ellis', 'Ellis County, KS', 'coming_soon'),
('ks-ellsworth', 'KS', 'Ellsworth', 'Ellsworth County, KS', 'coming_soon'),
('ks-finney', 'KS', 'Finney', 'Finney County, KS', 'coming_soon'),
('ks-ford', 'KS', 'Ford', 'Ford County, KS', 'coming_soon'),
('ks-franklin', 'KS', 'Franklin', 'Franklin County, KS', 'coming_soon'),
('ks-geary', 'KS', 'Geary', 'Geary County, KS', 'coming_soon'),
('ks-gove', 'KS', 'Gove', 'Gove County, KS', 'coming_soon'),
('ks-graham', 'KS', 'Graham', 'Graham County, KS', 'coming_soon'),
('ks-grant', 'KS', 'Grant', 'Grant County, KS', 'coming_soon'),
('ks-gray', 'KS', 'Gray', 'Gray County, KS', 'coming_soon'),
('ks-greeley', 'KS', 'Greeley', 'Greeley County, KS', 'coming_soon'),
('ks-greenwood', 'KS', 'Greenwood', 'Greenwood County, KS', 'coming_soon'),
('ks-hamilton', 'KS', 'Hamilton', 'Hamilton County, KS', 'coming_soon'),
('ks-harper', 'KS', 'Harper', 'Harper County, KS', 'coming_soon'),
('ks-harvey', 'KS', 'Harvey', 'Harvey County, KS', 'coming_soon'),
('ks-haskell', 'KS', 'Haskell', 'Haskell County, KS', 'coming_soon'),
('ks-hodgeman', 'KS', 'Hodgeman', 'Hodgeman County, KS', 'coming_soon'),
('ks-jackson', 'KS', 'Jackson', 'Jackson County, KS', 'coming_soon'),
('ks-jefferson', 'KS', 'Jefferson', 'Jefferson County, KS', 'coming_soon'),
('ks-jewell', 'KS', 'Jewell', 'Jewell County, KS', 'coming_soon'),
('ks-johnson', 'KS', 'Johnson', 'Johnson County, KS', 'coming_soon'),
('ks-kearny', 'KS', 'Kearny', 'Kearny County, KS', 'coming_soon'),
('ks-kingman', 'KS', 'Kingman', 'Kingman County, KS', 'coming_soon'),
('ks-kiowa', 'KS', 'Kiowa', 'Kiowa County, KS', 'coming_soon'),
('ks-labette', 'KS', 'Labette', 'Labette County, KS', 'coming_soon'),
('ks-lane', 'KS', 'Lane', 'Lane County, KS', 'coming_soon'),
('ks-leavenworth', 'KS', 'Leavenworth', 'Leavenworth County, KS', 'coming_soon'),
('ks-lincoln', 'KS', 'Lincoln', 'Lincoln County, KS', 'coming_soon'),
('ks-linn', 'KS', 'Linn', 'Linn County, KS', 'coming_soon'),
('ks-logan', 'KS', 'Logan', 'Logan County, KS', 'coming_soon'),
('ks-lyon', 'KS', 'Lyon', 'Lyon County, KS', 'coming_soon'),
('ks-marion', 'KS', 'Marion', 'Marion County, KS', 'coming_soon'),
('ks-marshall', 'KS', 'Marshall', 'Marshall County, KS', 'coming_soon'),
('ks-mcpherson', 'KS', 'McPherson', 'McPherson County, KS', 'coming_soon'),
('ks-meade', 'KS', 'Meade', 'Meade County, KS', 'coming_soon'),
('ks-miami', 'KS', 'Miami', 'Miami County, KS', 'coming_soon'),
('ks-mitchell', 'KS', 'Mitchell', 'Mitchell County, KS', 'coming_soon'),
('ks-montgomery', 'KS', 'Montgomery', 'Montgomery County, KS', 'coming_soon'),
('ks-morris', 'KS', 'Morris', 'Morris County, KS', 'coming_soon'),
('ks-morton', 'KS', 'Morton', 'Morton County, KS', 'coming_soon'),
('ks-nemaha', 'KS', 'Nemaha', 'Nemaha County, KS', 'coming_soon'),
('ks-neosho', 'KS', 'Neosho', 'Neosho County, KS', 'coming_soon'),
('ks-ness', 'KS', 'Ness', 'Ness County, KS', 'coming_soon'),
('ks-norton', 'KS', 'Norton', 'Norton County, KS', 'coming_soon'),
('ks-osage', 'KS', 'Osage', 'Osage County, KS', 'coming_soon'),
('ks-osborne', 'KS', 'Osborne', 'Osborne County, KS', 'coming_soon'),
('ks-ottawa', 'KS', 'Ottawa', 'Ottawa County, KS', 'coming_soon'),
('ks-pawnee', 'KS', 'Pawnee', 'Pawnee County, KS', 'coming_soon'),
('ks-phillips', 'KS', 'Phillips', 'Phillips County, KS', 'coming_soon'),
('ks-pottawatomie', 'KS', 'Pottawatomie', 'Pottawatomie County, KS', 'coming_soon'),
('ks-pratt', 'KS', 'Pratt', 'Pratt County, KS', 'coming_soon'),
('ks-rawlins', 'KS', 'Rawlins', 'Rawlins County, KS', 'coming_soon'),
('ks-reno', 'KS', 'Reno', 'Reno County, KS', 'coming_soon'),
('ks-republic', 'KS', 'Republic', 'Republic County, KS', 'coming_soon'),
('ks-rice', 'KS', 'Rice', 'Rice County, KS', 'coming_soon'),
('ks-riley', 'KS', 'Riley', 'Riley County, KS', 'coming_soon'),
('ks-rooks', 'KS', 'Rooks', 'Rooks County, KS', 'coming_soon'),
('ks-rush', 'KS', 'Rush', 'Rush County, KS', 'coming_soon'),
('ks-russell', 'KS', 'Russell', 'Russell County, KS', 'coming_soon'),
('ks-saline', 'KS', 'Saline', 'Saline County, KS', 'coming_soon'),
('ks-scott', 'KS', 'Scott', 'Scott County, KS', 'coming_soon'),
('ks-sedgwick', 'KS', 'Sedgwick', 'Sedgwick County, KS', 'coming_soon'),
('ks-seward', 'KS', 'Seward', 'Seward County, KS', 'coming_soon'),
('ks-shawnee', 'KS', 'Shawnee', 'Shawnee County, KS', 'coming_soon'),
('ks-sheridan', 'KS', 'Sheridan', 'Sheridan County, KS', 'coming_soon'),
('ks-sherman', 'KS', 'Sherman', 'Sherman County, KS', 'coming_soon'),
('ks-smith', 'KS', 'Smith', 'Smith County, KS', 'coming_soon'),
('ks-stafford', 'KS', 'Stafford', 'Stafford County, KS', 'coming_soon'),
('ks-stanton', 'KS', 'Stanton', 'Stanton County, KS', 'coming_soon'),
('ks-stevens', 'KS', 'Stevens', 'Stevens County, KS', 'coming_soon'),
('ks-sumner', 'KS', 'Sumner', 'Sumner County, KS', 'coming_soon'),
('ks-thomas', 'KS', 'Thomas', 'Thomas County, KS', 'coming_soon'),
('ks-trego', 'KS', 'Trego', 'Trego County, KS', 'coming_soon'),
('ks-wabaunsee', 'KS', 'Wabaunsee', 'Wabaunsee County, KS', 'coming_soon'),
('ks-wallace', 'KS', 'Wallace', 'Wallace County, KS', 'coming_soon'),
('ks-washington', 'KS', 'Washington', 'Washington County, KS', 'coming_soon'),
('ks-wichita', 'KS', 'Wichita', 'Wichita County, KS', 'coming_soon'),
('ks-wilson', 'KS', 'Wilson', 'Wilson County, KS', 'coming_soon'),
('ks-woodson', 'KS', 'Woodson', 'Woodson County, KS', 'coming_soon'),
('ks-wyandotte', 'KS', 'Wyandotte', 'Wyandotte County, KS', 'coming_soon'),

-- Kentucky (120 counties)
('ky-adair', 'KY', 'Adair', 'Adair County, KY', 'coming_soon'),
('ky-allen', 'KY', 'Allen', 'Allen County, KY', 'coming_soon'),
('ky-anderson', 'KY', 'Anderson', 'Anderson County, KY', 'coming_soon'),
('ky-ballard', 'KY', 'Ballard', 'Ballard County, KY', 'coming_soon'),
('ky-barren', 'KY', 'Barren', 'Barren County, KY', 'coming_soon'),
('ky-bath', 'KY', 'Bath', 'Bath County, KY', 'coming_soon'),
('ky-bell', 'KY', 'Bell', 'Bell County, KY', 'coming_soon'),
('ky-boone', 'KY', 'Boone', 'Boone County, KY', 'coming_soon'),
('ky-bourbon', 'KY', 'Bourbon', 'Bourbon County, KY', 'coming_soon'),
('ky-boyd', 'KY', 'Boyd', 'Boyd County, KY', 'coming_soon'),
('ky-boyle', 'KY', 'Boyle', 'Boyle County, KY', 'coming_soon'),
('ky-bracken', 'KY', 'Bracken', 'Bracken County, KY', 'coming_soon'),
('ky-breathitt', 'KY', 'Breathitt', 'Breathitt County, KY', 'coming_soon'),
('ky-breckinridge', 'KY', 'Breckinridge', 'Breckinridge County, KY', 'coming_soon'),
('ky-bullitt', 'KY', 'Bullitt', 'Bullitt County, KY', 'coming_soon'),
('ky-butler', 'KY', 'Butler', 'Butler County, KY', 'coming_soon'),
('ky-caldwell', 'KY', 'Caldwell', 'Caldwell County, KY', 'coming_soon'),
('ky-calloway', 'KY', 'Calloway', 'Calloway County, KY', 'coming_soon'),
('ky-campbell', 'KY', 'Campbell', 'Campbell County, KY', 'coming_soon'),
('ky-carlisle', 'KY', 'Carlisle', 'Carlisle County, KY', 'coming_soon'),
('ky-carroll', 'KY', 'Carroll', 'Carroll County, KY', 'coming_soon'),
('ky-carter', 'KY', 'Carter', 'Carter County, KY', 'coming_soon'),
('ky-casey', 'KY', 'Casey', 'Casey County, KY', 'coming_soon'),
('ky-christian', 'KY', 'Christian', 'Christian County, KY', 'coming_soon'),
('ky-clark', 'KY', 'Clark', 'Clark County, KY', 'coming_soon'),
('ky-clay', 'KY', 'Clay', 'Clay County, KY', 'coming_soon'),
('ky-clinton', 'KY', 'Clinton', 'Clinton County, KY', 'coming_soon'),
('ky-crittenden', 'KY', 'Crittenden', 'Crittenden County, KY', 'coming_soon'),
('ky-cumberland', 'KY', 'Cumberland', 'Cumberland County, KY', 'coming_soon'),
('ky-daviess', 'KY', 'Daviess', 'Daviess County, KY', 'coming_soon'),
('ky-edmonson', 'KY', 'Edmonson', 'Edmonson County, KY', 'coming_soon'),
('ky-elliott', 'KY', 'Elliott', 'Elliott County, KY', 'coming_soon'),
('ky-estill', 'KY', 'Estill', 'Estill County, KY', 'coming_soon'),
('ky-fayette', 'KY', 'Fayette', 'Fayette County, KY', 'coming_soon'),
('ky-fleming', 'KY', 'Fleming', 'Fleming County, KY', 'coming_soon'),
('ky-floyd', 'KY', 'Floyd', 'Floyd County, KY', 'coming_soon'),
('ky-franklin', 'KY', 'Franklin', 'Franklin County, KY', 'coming_soon'),
('ky-fulton', 'KY', 'Fulton', 'Fulton County, KY', 'coming_soon'),
('ky-gallatin', 'KY', 'Gallatin', 'Gallatin County, KY', 'coming_soon'),
('ky-garrard', 'KY', 'Garrard', 'Garrard County, KY', 'coming_soon'),
('ky-grant', 'KY', 'Grant', 'Grant County, KY', 'coming_soon'),
('ky-graves', 'KY', 'Graves', 'Graves County, KY', 'coming_soon'),
('ky-grayson', 'KY', 'Grayson', 'Grayson County, KY', 'coming_soon'),
('ky-green', 'KY', 'Green', 'Green County, KY', 'coming_soon'),
('ky-greenup', 'KY', 'Greenup', 'Greenup County, KY', 'coming_soon'),
('ky-hancock', 'KY', 'Hancock', 'Hancock County, KY', 'coming_soon'),
('ky-hardin', 'KY', 'Hardin', 'Hardin County, KY', 'coming_soon'),
('ky-harlan', 'KY', 'Harlan', 'Harlan County, KY', 'coming_soon'),
('ky-harrison', 'KY', 'Harrison', 'Harrison County, KY', 'coming_soon'),
('ky-hart', 'KY', 'Hart', 'Hart County, KY', 'coming_soon'),
('ky-henderson', 'KY', 'Henderson', 'Henderson County, KY', 'coming_soon'),
('ky-henry', 'KY', 'Henry', 'Henry County, KY', 'coming_soon'),
('ky-hickman', 'KY', 'Hickman', 'Hickman County, KY', 'coming_soon'),
('ky-hopkins', 'KY', 'Hopkins', 'Hopkins County, KY', 'coming_soon'),
('ky-jackson', 'KY', 'Jackson', 'Jackson County, KY', 'coming_soon'),
('ky-jefferson', 'KY', 'Jefferson', 'Jefferson County, KY', 'coming_soon'),
('ky-jessamine', 'KY', 'Jessamine', 'Jessamine County, KY', 'coming_soon'),
('ky-johnson', 'KY', 'Johnson', 'Johnson County, KY', 'coming_soon'),
('ky-kenton', 'KY', 'Kenton', 'Kenton County, KY', 'coming_soon'),
('ky-knott', 'KY', 'Knott', 'Knott County, KY', 'coming_soon'),
('ky-knox', 'KY', 'Knox', 'Knox County, KY', 'coming_soon'),
('ky-larue', 'KY', 'LaRue', 'LaRue County, KY', 'coming_soon'),
('ky-laurel', 'KY', 'Laurel', 'Laurel County, KY', 'coming_soon'),
('ky-lawrence', 'KY', 'Lawrence', 'Lawrence County, KY', 'coming_soon'),
('ky-lee', 'KY', 'Lee', 'Lee County, KY', 'coming_soon'),
('ky-leslie', 'KY', 'Leslie', 'Leslie County, KY', 'coming_soon'),
('ky-letcher', 'KY', 'Letcher', 'Letcher County, KY', 'coming_soon'),
('ky-lewis', 'KY', 'Lewis', 'Lewis County, KY', 'coming_soon'),
('ky-lincoln', 'KY', 'Lincoln', 'Lincoln County, KY', 'coming_soon'),
('ky-livingston', 'KY', 'Livingston', 'Livingston County, KY', 'coming_soon'),
('ky-logan', 'KY', 'Logan', 'Logan County, KY', 'coming_soon'),
('ky-lyon', 'KY', 'Lyon', 'Lyon County, KY', 'coming_soon'),
('ky-madison', 'KY', 'Madison', 'Madison County, KY', 'coming_soon'),
('ky-magoffin', 'KY', 'Magoffin', 'Magoffin County, KY', 'coming_soon'),
('ky-marion', 'KY', 'Marion', 'Marion County, KY', 'coming_soon'),
('ky-marshall', 'KY', 'Marshall', 'Marshall County, KY', 'coming_soon'),
('ky-martin', 'KY', 'Martin', 'Martin County, KY', 'coming_soon'),
('ky-mason', 'KY', 'Mason', 'Mason County, KY', 'coming_soon'),
('ky-mccracken', 'KY', 'McCracken', 'McCracken County, KY', 'coming_soon'),
('ky-mccreary', 'KY', 'McCreary', 'McCreary County, KY', 'coming_soon'),
('ky-mclean', 'KY', 'McLean', 'McLean County, KY', 'coming_soon'),
('ky-meade', 'KY', 'Meade', 'Meade County, KY', 'coming_soon'),
('ky-menifee', 'KY', 'Menifee', 'Menifee County, KY', 'coming_soon'),
('ky-mercer', 'KY', 'Mercer', 'Mercer County, KY', 'coming_soon'),
('ky-metcalfe', 'KY', 'Metcalfe', 'Metcalfe County, KY', 'coming_soon'),
('ky-monroe', 'KY', 'Monroe', 'Monroe County, KY', 'coming_soon'),
('ky-montgomery', 'KY', 'Montgomery', 'Montgomery County, KY', 'coming_soon'),
('ky-morgan', 'KY', 'Morgan', 'Morgan County, KY', 'coming_soon'),
('ky-muhlenberg', 'KY', 'Muhlenberg', 'Muhlenberg County, KY', 'coming_soon'),
('ky-nelson', 'KY', 'Nelson', 'Nelson County, KY', 'coming_soon'),
('ky-nicholas', 'KY', 'Nicholas', 'Nicholas County, KY', 'coming_soon'),
('ky-ohio', 'KY', 'Ohio', 'Ohio County, KY', 'coming_soon'),
('ky-oldham', 'KY', 'Oldham', 'Oldham County, KY', 'coming_soon'),
('ky-owen', 'KY', 'Owen', 'Owen County, KY', 'coming_soon'),
('ky-owsley', 'KY', 'Owsley', 'Owsley County, KY', 'coming_soon'),
('ky-pendleton', 'KY', 'Pendleton', 'Pendleton County, KY', 'coming_soon'),
('ky-perry', 'KY', 'Perry', 'Perry County, KY', 'coming_soon'),
('ky-pike', 'KY', 'Pike', 'Pike County, KY', 'coming_soon'),
('ky-powell', 'KY', 'Powell', 'Powell County, KY', 'coming_soon'),
('ky-pulaski', 'KY', 'Pulaski', 'Pulaski County, KY', 'coming_soon'),
('ky-robertson', 'KY', 'Robertson', 'Robertson County, KY', 'coming_soon'),
('ky-rockcastle', 'KY', 'Rockcastle', 'Rockcastle County, KY', 'coming_soon'),
('ky-rowan', 'KY', 'Rowan', 'Rowan County, KY', 'coming_soon'),
('ky-russell', 'KY', 'Russell', 'Russell County, KY', 'coming_soon'),
('ky-scott', 'KY', 'Scott', 'Scott County, KY', 'coming_soon'),
('ky-shelby', 'KY', 'Shelby', 'Shelby County, KY', 'coming_soon'),
('ky-simpson', 'KY', 'Simpson', 'Simpson County, KY', 'coming_soon'),
('ky-spencer', 'KY', 'Spencer', 'Spencer County, KY', 'coming_soon'),
('ky-taylor', 'KY', 'Taylor', 'Taylor County, KY', 'coming_soon'),
('ky-todd', 'KY', 'Todd', 'Todd County, KY', 'coming_soon'),
('ky-trigg', 'KY', 'Trigg', 'Trigg County, KY', 'coming_soon'),
('ky-trimble', 'KY', 'Trimble', 'Trimble County, KY', 'coming_soon'),
('ky-union', 'KY', 'Union', 'Union County, KY', 'coming_soon'),
('ky-warren', 'KY', 'Warren', 'Warren County, KY', 'coming_soon'),
('ky-washington', 'KY', 'Washington', 'Washington County, KY', 'coming_soon'),
('ky-wayne', 'KY', 'Wayne', 'Wayne County, KY', 'coming_soon'),
('ky-webster', 'KY', 'Webster', 'Webster County, KY', 'coming_soon'),
('ky-whitley', 'KY', 'Whitley', 'Whitley County, KY', 'coming_soon'),
('ky-wolfe', 'KY', 'Wolfe', 'Wolfe County, KY', 'coming_soon'),
('ky-woodford', 'KY', 'Woodford', 'Woodford County, KY', 'coming_soon'),

-- Ohio (88 counties) - Your primary market
('oh-adams', 'OH', 'Adams', 'Adams County, OH', 'coming_soon'),
('oh-allen', 'OH', 'Allen', 'Allen County, OH', 'coming_soon'),
('oh-ashland', 'OH', 'Ashland', 'Ashland County, OH', 'coming_soon'),
('oh-ashtabula', 'OH', 'Ashtabula', 'Ashtabula County, OH', 'coming_soon'),
('oh-athens', 'OH', 'Athens', 'Athens County, OH', 'coming_soon'),
('oh-auglaize', 'OH', 'Auglaize', 'Auglaize County, OH', 'coming_soon'),
('oh-belmont', 'OH', 'Belmont', 'Belmont County, OH', 'coming_soon'),
('oh-brown', 'OH', 'Brown', 'Brown County, OH', 'coming_soon'),
('oh-butler', 'OH', 'Butler', 'Butler County, OH', 'active'),
('oh-carroll', 'OH', 'Carroll', 'Carroll County, OH', 'coming_soon'),
('oh-champaign', 'OH', 'Champaign', 'Champaign County, OH', 'coming_soon'),
('oh-clark', 'OH', 'Clark', 'Clark County, OH', 'coming_soon'),
('oh-clermont', 'OH', 'Clermont', 'Clermont County, OH', 'coming_soon'),
('oh-clinton', 'OH', 'Clinton', 'Clinton County, OH', 'coming_soon'),
('oh-columbiana', 'OH', 'Columbiana', 'Columbiana County, OH', 'coming_soon'),
('oh-coshocton', 'OH', 'Coshocton', 'Coshocton County, OH', 'coming_soon'),
('oh-crawford', 'OH', 'Crawford', 'Crawford County, OH', 'coming_soon'),
('oh-cuyahoga', 'OH', 'Cuyahoga', 'Cuyahoga County, OH', 'coming_soon'),
('oh-darke', 'OH', 'Darke', 'Darke County, OH', 'coming_soon'),
('oh-defiance', 'OH', 'Defiance', 'Defiance County, OH', 'coming_soon'),
('oh-delaware', 'OH', 'Delaware', 'Delaware County, OH', 'coming_soon'),
('oh-erie', 'OH', 'Erie', 'Erie County, OH', 'coming_soon'),
('oh-fairfield', 'OH', 'Fairfield', 'Fairfield County, OH', 'coming_soon'),
('oh-fayette', 'OH', 'Fayette', 'Fayette County, OH', 'coming_soon'),
('oh-franklin', 'OH', 'Franklin', 'Franklin County, OH', 'active'),
('oh-fulton', 'OH', 'Fulton', 'Fulton County, OH', 'coming_soon'),
('oh-gallia', 'OH', 'Gallia', 'Gallia County, OH', 'coming_soon'),
('oh-geauga', 'OH', 'Geauga', 'Geauga County, OH', 'coming_soon'),
('oh-greene', 'OH', 'Greene', 'Greene County, OH', 'coming_soon'),
('oh-guernsey', 'OH', 'Guernsey', 'Guernsey County, OH', 'coming_soon'),
('oh-hamilton', 'OH', 'Hamilton', 'Hamilton County, OH', 'active'),
('oh-hancock', 'OH', 'Hancock', 'Hancock County, OH', 'coming_soon'),
('oh-hardin', 'OH', 'Hardin', 'Hardin County, OH', 'coming_soon'),
('oh-harrison', 'OH', 'Harrison', 'Harrison County, OH', 'coming_soon'),
('oh-henry', 'OH', 'Henry', 'Henry County, OH', 'coming_soon'),
('oh-highland', 'OH', 'Highland', 'Highland County, OH', 'coming_soon'),
('oh-hocking', 'OH', 'Hocking', 'Hocking County, OH', 'coming_soon'),
('oh-holmes', 'OH', 'Holmes', 'Holmes County, OH', 'coming_soon'),
('oh-huron', 'OH', 'Huron', 'Huron County, OH', 'coming_soon'),
('oh-jackson', 'OH', 'Jackson', 'Jackson County, OH', 'coming_soon'),
('oh-jefferson', 'OH', 'Jefferson', 'Jefferson County, OH', 'coming_soon'),
('oh-knox', 'OH', 'Knox', 'Knox County, OH', 'coming_soon'),
('oh-lake', 'OH', 'Lake', 'Lake County, OH', 'coming_soon'),
('oh-lawrence', 'OH', 'Lawrence', 'Lawrence County, OH', 'coming_soon'),
('oh-licking', 'OH', 'Licking', 'Licking County, OH', 'coming_soon'),
('oh-logan', 'OH', 'Logan', 'Logan County, OH', 'coming_soon'),
('oh-lorain', 'OH', 'Lorain', 'Lorain County, OH', 'coming_soon'),
('oh-lucas', 'OH', 'Lucas', 'Lucas County, OH', 'coming_soon'),
('oh-madison', 'OH', 'Madison', 'Madison County, OH', 'coming_soon'),
('oh-mahoning', 'OH', 'Mahoning', 'Mahoning County, OH', 'coming_soon'),
('oh-marion', 'OH', 'Marion', 'Marion County, OH', 'coming_soon'),
('oh-medina', 'OH', 'Medina', 'Medina County, OH', 'coming_soon'),
('oh-meigs', 'OH', 'Meigs', 'Meigs County, OH', 'coming_soon'),
('oh-mercer', 'OH', 'Mercer', 'Mercer County, OH', 'coming_soon'),
('oh-miami', 'OH', 'Miami', 'Miami County, OH', 'coming_soon'),
('oh-monroe', 'OH', 'Monroe', 'Monroe County, OH', 'coming_soon'),
('oh-montgomery', 'OH', 'Montgomery', 'Montgomery County, OH', 'coming_soon'),
('oh-morgan', 'OH', 'Morgan', 'Morgan County, OH', 'coming_soon'),
('oh-morrow', 'OH', 'Morrow', 'Morrow County, OH', 'coming_soon'),
('oh-muskingum', 'OH', 'Muskingum', 'Muskingum County, OH', 'coming_soon'),
('oh-noble', 'OH', 'Noble', 'Noble County, OH', 'coming_soon'),
('oh-ottawa', 'OH', 'Ottawa', 'Ottawa County, OH', 'coming_soon'),
('oh-paulding', 'OH', 'Paulding', 'Paulding County, OH', 'coming_soon'),
('oh-perry', 'OH', 'Perry', 'Perry County, OH', 'coming_soon'),
('oh-pickaway', 'OH', 'Pickaway', 'Pickaway County, OH', 'coming_soon'),
('oh-pike', 'OH', 'Pike', 'Pike County, OH', 'coming_soon'),
('oh-portage', 'OH', 'Portage', 'Portage County, OH', 'coming_soon'),
('oh-preble', 'OH', 'Preble', 'Preble County, OH', 'coming_soon'),
('oh-putnam', 'OH', 'Putnam', 'Putnam County, OH', 'coming_soon'),
('oh-richland', 'OH', 'Richland', 'Richland County, OH', 'coming_soon'),
('oh-ross', 'OH', 'Ross', 'Ross County, OH', 'coming_soon'),
('oh-sandusky', 'OH', 'Sandusky', 'Sandusky County, OH', 'coming_soon'),
('oh-scioto', 'OH', 'Scioto', 'Scioto County, OH', 'coming_soon'),
('oh-seneca', 'OH', 'Seneca', 'Seneca County, OH', 'coming_soon'),
('oh-shelby', 'OH', 'Shelby', 'Shelby County, OH', 'coming_soon'),
('oh-stark', 'OH', 'Stark', 'Stark County, OH', 'coming_soon'),
('oh-summit', 'OH', 'Summit', 'Summit County, OH', 'coming_soon'),
('oh-trumbull', 'OH', 'Trumbull', 'Trumbull County, OH', 'coming_soon'),
('oh-tuscarawas', 'OH', 'Tuscarawas', 'Tuscarawas County, OH', 'coming_soon'),
('oh-union', 'OH', 'Union', 'Union County, OH', 'coming_soon'),
('oh-van-wert', 'OH', 'Van Wert', 'Van Wert County, OH', 'coming_soon'),
('oh-vinton', 'OH', 'Vinton', 'Vinton County, OH', 'coming_soon'),
('oh-warren', 'OH', 'Warren', 'Warren County, OH', 'coming_soon'),
('oh-washington', 'OH', 'Washington', 'Washington County, OH', 'coming_soon'),
('oh-wayne', 'OH', 'Wayne', 'Wayne County, OH', 'coming_soon'),
('oh-williams', 'OH', 'Williams', 'Williams County, OH', 'coming_soon'),
('oh-wood', 'OH', 'Wood', 'Wood County, OH', 'coming_soon'),
('oh-wyandot', 'OH', 'Wyandot', 'Wyandot County, OH', 'coming_soon'),

-- Texas (254 counties) - Largest state by county count
('tx-anderson', 'TX', 'Anderson', 'Anderson County, TX', 'coming_soon'),
('tx-andrews', 'TX', 'Andrews', 'Andrews County, TX', 'coming_soon'),
('tx-angelina', 'TX', 'Angelina', 'Angelina County, TX', 'coming_soon'),
('tx-aransas', 'TX', 'Aransas', 'Aransas County, TX', 'coming_soon'),
('tx-archer', 'TX', 'Archer', 'Archer County, TX', 'coming_soon'),
('tx-armstrong', 'TX', 'Armstrong', 'Armstrong County, TX', 'coming_soon'),
('tx-atascosa', 'TX', 'Atascosa', 'Atascosa County, TX', 'coming_soon'),
('tx-austin', 'TX', 'Austin', 'Austin County, TX', 'coming_soon'),
('tx-bailey', 'TX', 'Bailey', 'Bailey County, TX', 'coming_soon'),
('tx-bandera', 'TX', 'Bandera', 'Bandera County, TX', 'coming_soon'),
('tx-bastrop', 'TX', 'Bastrop', 'Bastrop County, TX', 'coming_soon'),
('tx-baylor', 'TX', 'Baylor', 'Baylor County, TX', 'coming_soon'),
('tx-bee', 'TX', 'Bee', 'Bee County, TX', 'coming_soon'),
('tx-bell', 'TX', 'Bell', 'Bell County, TX', 'coming_soon'),
('tx-bexar', 'TX', 'Bexar', 'Bexar County, TX', 'coming_soon'),
('tx-blanco', 'TX', 'Blanco', 'Blanco County, TX', 'coming_soon'),
('tx-borden', 'TX', 'Borden', 'Borden County, TX', 'coming_soon'),
('tx-bosque', 'TX', 'Bosque', 'Bosque County, TX', 'coming_soon'),
('tx-bowie', 'TX', 'Bowie', 'Bowie County, TX', 'coming_soon'),
('tx-brazoria', 'TX', 'Brazoria', 'Brazoria County, TX', 'coming_soon'),
('tx-brazos', 'TX', 'Brazos', 'Brazos County, TX', 'coming_soon'),
('tx-brewster', 'TX', 'Brewster', 'Brewster County, TX', 'coming_soon'),
('tx-briscoe', 'TX', 'Briscoe', 'Briscoe County, TX', 'coming_soon'),
('tx-brooks', 'TX', 'Brooks', 'Brooks County, TX', 'coming_soon'),
('tx-brown', 'TX', 'Brown', 'Brown County, TX', 'coming_soon'),
('tx-burleson', 'TX', 'Burleson', 'Burleson County, TX', 'coming_soon'),
('tx-burnet', 'TX', 'Burnet', 'Burnet County, TX', 'coming_soon'),
('tx-caldwell', 'TX', 'Caldwell', 'Caldwell County, TX', 'coming_soon'),
('tx-calhoun', 'TX', 'Calhoun', 'Calhoun County, TX', 'coming_soon'),
('tx-callahan', 'TX', 'Callahan', 'Callahan County, TX', 'coming_soon'),
('tx-cameron', 'TX', 'Cameron', 'Cameron County, TX', 'coming_soon'),
('tx-camp', 'TX', 'Camp', 'Camp County, TX', 'coming_soon'),
('tx-carson', 'TX', 'Carson', 'Carson County, TX', 'coming_soon'),
('tx-cass', 'TX', 'Cass', 'Cass County, TX', 'coming_soon'),
('tx-castro', 'TX', 'Castro', 'Castro County, TX', 'coming_soon'),
('tx-chambers', 'TX', 'Chambers', 'Chambers County, TX', 'coming_soon'),
('tx-cherokee', 'TX', 'Cherokee', 'Cherokee County, TX', 'coming_soon'),
('tx-childress', 'TX', 'Childress', 'Childress County, TX', 'coming_soon'),
('tx-clay', 'TX', 'Clay', 'Clay County, TX', 'coming_soon'),
('tx-cochran', 'TX', 'Cochran', 'Cochran County, TX', 'coming_soon'),
('tx-coke', 'TX', 'Coke', 'Coke County, TX', 'coming_soon'),
('tx-coleman', 'TX', 'Coleman', 'Coleman County, TX', 'coming_soon'),
('tx-collin', 'TX', 'Collin', 'Collin County, TX', 'coming_soon'),
('tx-collingsworth', 'TX', 'Collingsworth', 'Collingsworth County, TX', 'coming_soon'),
('tx-colorado', 'TX', 'Colorado', 'Colorado County, TX', 'coming_soon'),
('tx-comal', 'TX', 'Comal', 'Comal County, TX', 'coming_soon'),
('tx-comanche', 'TX', 'Comanche', 'Comanche County, TX', 'coming_soon'),
('tx-concho', 'TX', 'Concho', 'Concho County, TX', 'coming_soon'),
('tx-cooke', 'TX', 'Cooke', 'Cooke County, TX', 'coming_soon'),
('tx-coryell', 'TX', 'Coryell', 'Coryell County, TX', 'coming_soon'),
('tx-cottle', 'TX', 'Cottle', 'Cottle County, TX', 'coming_soon'),
('tx-crane', 'TX', 'Crane', 'Crane County, TX', 'coming_soon'),
('tx-crockett', 'TX', 'Crockett', 'Crockett County, TX', 'coming_soon'),
('tx-crosby', 'TX', 'Crosby', 'Crosby County, TX', 'coming_soon'),
('tx-culberson', 'TX', 'Culberson', 'Culberson County, TX', 'coming_soon'),
('tx-dallam', 'TX', 'Dallam', 'Dallam County, TX', 'coming_soon'),
('tx-dallas', 'TX', 'Dallas', 'Dallas County, TX', 'coming_soon'),
('tx-dawson', 'TX', 'Dawson', 'Dawson County, TX', 'coming_soon'),
('tx-deaf-smith', 'TX', 'Deaf Smith', 'Deaf Smith County, TX', 'coming_soon'),
('tx-delta', 'TX', 'Delta', 'Delta County, TX', 'coming_soon'),
('tx-denton', 'TX', 'Denton', 'Denton County, TX', 'coming_soon'),
('tx-dewitt', 'TX', 'DeWitt', 'DeWitt County, TX', 'coming_soon'),
('tx-dickens', 'TX', 'Dickens', 'Dickens County, TX', 'coming_soon'),
('tx-dimmit', 'TX', 'Dimmit', 'Dimmit County, TX', 'coming_soon'),
('tx-donley', 'TX', 'Donley', 'Donley County, TX', 'coming_soon'),
('tx-duval', 'TX', 'Duval', 'Duval County, TX', 'coming_soon'),
('tx-eastland', 'TX', 'Eastland', 'Eastland County, TX', 'coming_soon'),
('tx-ector', 'TX', 'Ector', 'Ector County, TX', 'coming_soon'),
('tx-edwards', 'TX', 'Edwards', 'Edwards County, TX', 'coming_soon'),
('tx-el-paso', 'TX', 'El Paso', 'El Paso County, TX', 'coming_soon'),
('tx-ellis', 'TX', 'Ellis', 'Ellis County, TX', 'coming_soon'),
('tx-erath', 'TX', 'Erath', 'Erath County, TX', 'coming_soon'),
('tx-falls', 'TX', 'Falls', 'Falls County, TX', 'coming_soon'),
('tx-fannin', 'TX', 'Fannin', 'Fannin County, TX', 'coming_soon'),
('tx-fayette', 'TX', 'Fayette', 'Fayette County, TX', 'coming_soon'),
('tx-fisher', 'TX', 'Fisher', 'Fisher County, TX', 'coming_soon'),
('tx-floyd', 'TX', 'Floyd', 'Floyd County, TX', 'coming_soon'),
('tx-foard', 'TX', 'Foard', 'Foard County, TX', 'coming_soon'),
('tx-fort-bend', 'TX', 'Fort Bend', 'Fort Bend County, TX', 'coming_soon'),
('tx-franklin', 'TX', 'Franklin', 'Franklin County, TX', 'coming_soon'),
('tx-freestone', 'TX', 'Freestone', 'Freestone County, TX', 'coming_soon'),
('tx-frio', 'TX', 'Frio', 'Frio County, TX', 'coming_soon'),
('tx-gaines', 'TX', 'Gaines', 'Gaines County, TX', 'coming_soon'),
('tx-galveston', 'TX', 'Galveston', 'Galveston County, TX', 'coming_soon'),
('tx-garza', 'TX', 'Garza', 'Garza County, TX', 'coming_soon'),
('tx-gillespie', 'TX', 'Gillespie', 'Gillespie County, TX', 'coming_soon'),
('tx-glasscock', 'TX', 'Glasscock', 'Glasscock County, TX', 'coming_soon'),
('tx-goliad', 'TX', 'Goliad', 'Goliad County, TX', 'coming_soon'),
('tx-gonzales', 'TX', 'Gonzales', 'Gonzales County, TX', 'coming_soon'),
('tx-gray', 'TX', 'Gray', 'Gray County, TX', 'coming_soon'),
('tx-grayson', 'TX', 'Grayson', 'Grayson County, TX', 'coming_soon'),
('tx-gregg', 'TX', 'Gregg', 'Gregg County, TX', 'coming_soon'),
('tx-grimes', 'TX', 'Grimes', 'Grimes County, TX', 'coming_soon'),
('tx-guadalupe', 'TX', 'Guadalupe', 'Guadalupe County, TX', 'coming_soon'),
('tx-hale', 'TX', 'Hale', 'Hale County, TX', 'coming_soon'),
('tx-hall', 'TX', 'Hall', 'Hall County, TX', 'coming_soon'),
('tx-hamilton', 'TX', 'Hamilton', 'Hamilton County, TX', 'coming_soon'),
('tx-hansford', 'TX', 'Hansford', 'Hansford County, TX', 'coming_soon'),
('tx-hardeman', 'TX', 'Hardeman', 'Hardeman County, TX', 'coming_soon'),
('tx-hardin', 'TX', 'Hardin', 'Hardin County, TX', 'coming_soon'),
('tx-harris', 'TX', 'Harris', 'Harris County, TX', 'coming_soon'),
('tx-harrison', 'TX', 'Harrison', 'Harrison County, TX', 'coming_soon'),
('tx-hartley', 'TX', 'Hartley', 'Hartley County, TX', 'coming_soon'),
('tx-haskell', 'TX', 'Haskell', 'Haskell County, TX', 'coming_soon'),
('tx-hays', 'TX', 'Hays', 'Hays County, TX', 'coming_soon'),
('tx-hemphill', 'TX', 'Hemphill', 'Hemphill County, TX', 'coming_soon'),
('tx-henderson', 'TX', 'Henderson', 'Henderson County, TX', 'coming_soon'),
('tx-hidalgo', 'TX', 'Hidalgo', 'Hidalgo County, TX', 'coming_soon'),
('tx-hill', 'TX', 'Hill', 'Hill County, TX', 'coming_soon'),
('tx-hockley', 'TX', 'Hockley', 'Hockley County, TX', 'coming_soon'),
('tx-hood', 'TX', 'Hood', 'Hood County, TX', 'coming_soon'),
('tx-hopkins', 'TX', 'Hopkins', 'Hopkins County, TX', 'coming_soon'),
('tx-houston', 'TX', 'Houston', 'Houston County, TX', 'coming_soon'),
('tx-howard', 'TX', 'Howard', 'Howard County, TX', 'coming_soon'),
('tx-hudspeth', 'TX', 'Hudspeth', 'Hudspeth County, TX', 'coming_soon'),
('tx-hunt', 'TX', 'Hunt', 'Hunt County, TX', 'coming_soon'),
('tx-hutchinson', 'TX', 'Hutchinson', 'Hutchinson County, TX', 'coming_soon'),
('tx-irion', 'TX', 'Irion', 'Irion County, TX', 'coming_soon'),
('tx-jack', 'TX', 'Jack', 'Jack County, TX', 'coming_soon'),
('tx-jackson', 'TX', 'Jackson', 'Jackson County, TX', 'coming_soon'),
('tx-jasper', 'TX', 'Jasper', 'Jasper County, TX', 'coming_soon'),
('tx-jeff-davis', 'TX', 'Jeff Davis', 'Jeff Davis County, TX', 'coming_soon'),
('tx-jefferson', 'TX', 'Jefferson', 'Jefferson County, TX', 'coming_soon'),
('tx-jim-hogg', 'TX', 'Jim Hogg', 'Jim Hogg County, TX', 'coming_soon'),
('tx-jim-wells', 'TX', 'Jim Wells', 'Jim Wells County, TX', 'coming_soon'),
('tx-johnson', 'TX', 'Johnson', 'Johnson County, TX', 'coming_soon'),
('tx-jones', 'TX', 'Jones', 'Jones County, TX', 'coming_soon'),
('tx-karnes', 'TX', 'Karnes', 'Karnes County, TX', 'coming_soon'),
('tx-kaufman', 'TX', 'Kaufman', 'Kaufman County, TX', 'coming_soon'),
('tx-kendall', 'TX', 'Kendall', 'Kendall County, TX', 'coming_soon'),
('tx-kenedy', 'TX', 'Kenedy', 'Kenedy County, TX', 'coming_soon'),
('tx-kent', 'TX', 'Kent', 'Kent County, TX', 'coming_soon'),
('tx-kerr', 'TX', 'Kerr', 'Kerr County, TX', 'coming_soon'),
('tx-kimble', 'TX', 'Kimble', 'Kimble County, TX', 'coming_soon'),
('tx-king', 'TX', 'King', 'King County, TX', 'coming_soon'),
('tx-kinney', 'TX', 'Kinney', 'Kinney County, TX', 'coming_soon'),
('tx-kleberg', 'TX', 'Kleberg', 'Kleberg County, TX', 'coming_soon'),
('tx-knox', 'TX', 'Knox', 'Knox County, TX', 'coming_soon'),
('tx-la-salle', 'TX', 'La Salle', 'La Salle County, TX', 'coming_soon'),
('tx-lamar', 'TX', 'Lamar', 'Lamar County, TX', 'coming_soon'),
('tx-lamb', 'TX', 'Lamb', 'Lamb County, TX', 'coming_soon'),
('tx-lampasas', 'TX', 'Lampasas', 'Lampasas County, TX', 'coming_soon'),
('tx-lavaca', 'TX', 'Lavaca', 'Lavaca County, TX', 'coming_soon'),
('tx-lee', 'TX', 'Lee', 'Lee County, TX', 'coming_soon'),
('tx-leon', 'TX', 'Leon', 'Leon County, TX', 'coming_soon'),
('tx-liberty', 'TX', 'Liberty', 'Liberty County, TX', 'coming_soon'),
('tx-limestone', 'TX', 'Limestone', 'Limestone County, TX', 'coming_soon'),
('tx-lipscomb', 'TX', 'Lipscomb', 'Lipscomb County, TX', 'coming_soon'),
('tx-live-oak', 'TX', 'Live Oak', 'Live Oak County, TX', 'coming_soon'),
('tx-llano', 'TX', 'Llano', 'Llano County, TX', 'coming_soon'),
('tx-loving', 'TX', 'Loving', 'Loving County, TX', 'coming_soon'),
('tx-lubbock', 'TX', 'Lubbock', 'Lubbock County, TX', 'coming_soon'),
('tx-lynn', 'TX', 'Lynn', 'Lynn County, TX', 'coming_soon'),
('tx-madison', 'TX', 'Madison', 'Madison County, TX', 'coming_soon'),
('tx-marion', 'TX', 'Marion', 'Marion County, TX', 'coming_soon'),
('tx-martin', 'TX', 'Martin', 'Martin County, TX', 'coming_soon'),
('tx-mason', 'TX', 'Mason', 'Mason County, TX', 'coming_soon'),
('tx-matagorda', 'TX', 'Matagorda', 'Matagorda County, TX', 'coming_soon'),
('tx-maverick', 'TX', 'Maverick', 'Maverick County, TX', 'coming_soon'),
('tx-mcculloch', 'TX', 'McCulloch', 'McCulloch County, TX', 'coming_soon'),
('tx-mclennan', 'TX', 'McLennan', 'McLennan County, TX', 'coming_soon'),
('tx-mcmullen', 'TX', 'McMullen', 'McMullen County, TX', 'coming_soon'),
('tx-medina', 'TX', 'Medina', 'Medina County, TX', 'coming_soon'),
('tx-menard', 'TX', 'Menard', 'Menard County, TX', 'coming_soon'),
('tx-midland', 'TX', 'Midland', 'Midland County, TX', 'coming_soon'),
('tx-milam', 'TX', 'Milam', 'Milam County, TX', 'coming_soon'),
('tx-mills', 'TX', 'Mills', 'Mills County, TX', 'coming_soon'),
('tx-mitchell', 'TX', 'Mitchell', 'Mitchell County, TX', 'coming_soon'),
('tx-montague', 'TX', 'Montague', 'Montague County, TX', 'coming_soon'),
('tx-montgomery', 'TX', 'Montgomery', 'Montgomery County, TX', 'coming_soon'),
('tx-moore', 'TX', 'Moore', 'Moore County, TX', 'coming_soon'),
('tx-morris', 'TX', 'Morris', 'Morris County, TX', 'coming_soon'),
('tx-motley', 'TX', 'Motley', 'Motley County, TX', 'coming_soon'),
('tx-nacogdoches', 'TX', 'Nacogdoches', 'Nacogdoches County, TX', 'coming_soon'),
('tx-navarro', 'TX', 'Navarro', 'Navarro County, TX', 'coming_soon'),
('tx-newton', 'TX', 'Newton', 'Newton County, TX', 'coming_soon'),
('tx-nolan', 'TX', 'Nolan', 'Nolan County, TX', 'coming_soon'),
('tx-nueces', 'TX', 'Nueces', 'Nueces County, TX', 'coming_soon'),
('tx-ochiltree', 'TX', 'Ochiltree', 'Ochiltree County, TX', 'coming_soon'),
('tx-oldham', 'TX', 'Oldham', 'Oldham County, TX', 'coming_soon'),
('tx-orange', 'TX', 'Orange', 'Orange County, TX', 'coming_soon'),
('tx-palo-pinto', 'TX', 'Palo Pinto', 'Palo Pinto County, TX', 'coming_soon'),
('tx-panola', 'TX', 'Panola', 'Panola County, TX', 'coming_soon'),
('tx-parker', 'TX', 'Parker', 'Parker County, TX', 'coming_soon'),
('tx-parmer', 'TX', 'Parmer', 'Parmer County, TX', 'coming_soon'),
('tx-pecos', 'TX', 'Pecos', 'Pecos County, TX', 'coming_soon'),
('tx-polk', 'TX', 'Polk', 'Polk County, TX', 'coming_soon'),
('tx-potter', 'TX', 'Potter', 'Potter County, TX', 'coming_soon'),
('tx-presidio', 'TX', 'Presidio', 'Presidio County, TX', 'coming_soon'),
('tx-rains', 'TX', 'Rains', 'Rains County, TX', 'coming_soon'),
('tx-randall', 'TX', 'Randall', 'Randall County, TX', 'coming_soon'),
('tx-reagan', 'TX', 'Reagan', 'Reagan County, TX', 'coming_soon'),
('tx-real', 'TX', 'Real', 'Real County, TX', 'coming_soon'),
('tx-red-river', 'TX', 'Red River', 'Red River County, TX', 'coming_soon'),
('tx-reeves', 'TX', 'Reeves', 'Reeves County, TX', 'coming_soon'),
('tx-refugio', 'TX', 'Refugio', 'Refugio County, TX', 'coming_soon'),
('tx-roberts', 'TX', 'Roberts', 'Roberts County, TX', 'coming_soon'),
('tx-robertson', 'TX', 'Robertson', 'Robertson County, TX', 'coming_soon'),
('tx-rockwall', 'TX', 'Rockwall', 'Rockwall County, TX', 'coming_soon'),
('tx-runnels', 'TX', 'Runnels', 'Runnels County, TX', 'coming_soon'),
('tx-rusk', 'TX', 'Rusk', 'Rusk County, TX', 'coming_soon'),
('tx-sabine', 'TX', 'Sabine', 'Sabine County, TX', 'coming_soon'),
('tx-san-augustine', 'TX', 'San Augustine', 'San Augustine County, TX', 'coming_soon'),
('tx-san-jacinto', 'TX', 'San Jacinto', 'San Jacinto County, TX', 'coming_soon'),
('tx-san-patricio', 'TX', 'San Patricio', 'San Patricio County, TX', 'coming_soon'),
('tx-san-saba', 'TX', 'San Saba', 'San Saba County, TX', 'coming_soon'),
('tx-schleicher', 'TX', 'Schleicher', 'Schleicher County, TX', 'coming_soon'),
('tx-scurry', 'TX', 'Scurry', 'Scurry County, TX', 'coming_soon'),
('tx-shackelford', 'TX', 'Shackelford', 'Shackelford County, TX', 'coming_soon'),
('tx-shelby', 'TX', 'Shelby', 'Shelby County, TX', 'coming_soon'),
('tx-sherman', 'TX', 'Sherman', 'Sherman County, TX', 'coming_soon'),
('tx-smith', 'TX', 'Smith', 'Smith County, TX', 'coming_soon'),
('tx-somervell', 'TX', 'Somervell', 'Somervell County, TX', 'coming_soon'),
('tx-starr', 'TX', 'Starr', 'Starr County, TX', 'coming_soon'),
('tx-stephens', 'TX', 'Stephens', 'Stephens County, TX', 'coming_soon'),
('tx-sterling', 'TX', 'Sterling', 'Sterling County, TX', 'coming_soon'),
('tx-stonewall', 'TX', 'Stonewall', 'Stonewall County, TX', 'coming_soon'),
('tx-sutton', 'TX', 'Sutton', 'Sutton County, TX', 'coming_soon'),
('tx-swisher', 'TX', 'Swisher', 'Swisher County, TX', 'coming_soon'),
('tx-tarrant', 'TX', 'Tarrant', 'Tarrant County, TX', 'coming_soon'),
('tx-taylor', 'TX', 'Taylor', 'Taylor County, TX', 'coming_soon'),
('tx-terrell', 'TX', 'Terrell', 'Terrell County, TX', 'coming_soon'),
('tx-terry', 'TX', 'Terry', 'Terry County, TX', 'coming_soon'),
('tx-throckmorton', 'TX', 'Throckmorton', 'Throckmorton County, TX', 'coming_soon'),
('tx-titus', 'TX', 'Titus', 'Titus County, TX', 'coming_soon'),
('tx-tom-green', 'TX', 'Tom Green', 'Tom Green County, TX', 'coming_soon'),
('tx-travis', 'TX', 'Travis', 'Travis County, TX', 'active'),
('tx-trinity', 'TX', 'Trinity', 'Trinity County, TX', 'coming_soon'),
('tx-tyler', 'TX', 'Tyler', 'Tyler County, TX', 'coming_soon'),
('tx-upshur', 'TX', 'Upshur', 'Upshur County, TX', 'coming_soon'),
('tx-upton', 'TX', 'Upton', 'Upton County, TX', 'coming_soon'),
('tx-uvalde', 'TX', 'Uvalde', 'Uvalde County, TX', 'coming_soon'),
('tx-val-verde', 'TX', 'Val Verde', 'Val Verde County, TX', 'coming_soon'),
('tx-van-zandt', 'TX', 'Van Zandt', 'Van Zandt County, TX', 'coming_soon'),
('tx-victoria', 'TX', 'Victoria', 'Victoria County, TX', 'coming_soon'),
('tx-walker', 'TX', 'Walker', 'Walker County, TX', 'coming_soon'),
('tx-waller', 'TX', 'Waller', 'Waller County, TX', 'coming_soon'),
('tx-ward', 'TX', 'Ward', 'Ward County, TX', 'coming_soon'),
('tx-washington', 'TX', 'Washington', 'Washington County, TX', 'coming_soon'),
('tx-webb', 'TX', 'Webb', 'Webb County, TX', 'coming_soon'),
('tx-wharton', 'TX', 'Wharton', 'Wharton County, TX', 'coming_soon'),
('tx-wheeler', 'TX', 'Wheeler', 'Wheeler County, TX', 'coming_soon'),
('tx-wichita', 'TX', 'Wichita', 'Wichita County, TX', 'coming_soon'),
('tx-wilbarger', 'TX', 'Wilbarger', 'Wilbarger County, TX', 'coming_soon'),
('tx-willacy', 'TX', 'Willacy', 'Willacy County, TX', 'coming_soon'),
('tx-williamson', 'TX', 'Williamson', 'Williamson County, TX', 'coming_soon'),
('tx-wilson', 'TX', 'Wilson', 'Wilson County, TX', 'coming_soon'),
('tx-winkler', 'TX', 'Winkler', 'Winkler County, TX', 'coming_soon'),
('tx-wise', 'TX', 'Wise', 'Wise County, TX', 'coming_soon'),
('tx-wood', 'TX', 'Wood', 'Wood County, TX', 'coming_soon'),
('tx-yoakum', 'TX', 'Yoakum', 'Yoakum County, TX', 'coming_soon'),
('tx-young', 'TX', 'Young', 'Young County, TX', 'coming_soon'),
('tx-zapata', 'TX', 'Zapata', 'Zapata County, TX', 'coming_soon'),
('tx-zavala', 'TX', 'Zavala', 'Zavala County, TX', 'coming_soon')

ON CONFLICT (jurisdiction_code) DO NOTHING;
