-- Part 2: CO, CT, DE, FL, GA, HI, ID, IL, IN, IA

INSERT INTO jurisdictions (jurisdiction_code, state_code, county_name, display_name, monthly_license_fee, status)
VALUES
-- Colorado (64 counties)
('co-adams', 'CO', 'Adams', 'Adams County, Colorado', 0, 'coming_soon'),
('co-alamosa', 'CO', 'Alamosa', 'Alamosa County, Colorado', 0, 'coming_soon'),
('co-arapahoe', 'CO', 'Arapahoe', 'Arapahoe County, Colorado', 0, 'coming_soon'),
('co-archuleta', 'CO', 'Archuleta', 'Archuleta County, Colorado', 0, 'coming_soon'),
('co-baca', 'CO', 'Baca', 'Baca County, Colorado', 0, 'coming_soon'),
('co-bent', 'CO', 'Bent', 'Bent County, Colorado', 0, 'coming_soon'),
('co-boulder', 'CO', 'Boulder', 'Boulder County, Colorado', 0, 'coming_soon'),
('co-broomfield', 'CO', 'Broomfield', 'Broomfield County, Colorado', 0, 'coming_soon'),
('co-chaffee', 'CO', 'Chaffee', 'Chaffee County, Colorado', 0, 'coming_soon'),
('co-cheyenne', 'CO', 'Cheyenne', 'Cheyenne County, Colorado', 0, 'coming_soon'),
('co-clear-creek', 'CO', 'Clear Creek', 'Clear Creek County, Colorado', 0, 'coming_soon'),
('co-conejos', 'CO', 'Conejos', 'Conejos County, Colorado', 0, 'coming_soon'),
('co-costilla', 'CO', 'Costilla', 'Costilla County, Colorado', 0, 'coming_soon'),
('co-crowley', 'CO', 'Crowley', 'Crowley County, Colorado', 0, 'coming_soon'),
('co-custer', 'CO', 'Custer', 'Custer County, Colorado', 0, 'coming_soon'),
('co-delta', 'CO', 'Delta', 'Delta County, Colorado', 0, 'coming_soon'),
('co-denver', 'CO', 'Denver', 'Denver County, Colorado', 0, 'coming_soon'),
('co-dolores', 'CO', 'Dolores', 'Dolores County, Colorado', 0, 'coming_soon'),
('co-douglas', 'CO', 'Douglas', 'Douglas County, Colorado', 0, 'coming_soon'),
('co-eagle', 'CO', 'Eagle', 'Eagle County, Colorado', 0, 'coming_soon'),
('co-el-paso', 'CO', 'El Paso', 'El Paso County, Colorado', 0, 'coming_soon'),
('co-elbert', 'CO', 'Elbert', 'Elbert County, Colorado', 0, 'coming_soon'),
('co-fremont', 'CO', 'Fremont', 'Fremont County, Colorado', 0, 'coming_soon'),
('co-garfield', 'CO', 'Garfield', 'Garfield County, Colorado', 0, 'coming_soon'),
('co-gilpin', 'CO', 'Gilpin', 'Gilpin County, Colorado', 0, 'coming_soon'),
('co-grand', 'CO', 'Grand', 'Grand County, Colorado', 0, 'coming_soon'),
('co-gunnison', 'CO', 'Gunnison', 'Gunnison County, Colorado', 0, 'coming_soon'),
('co-hinsdale', 'CO', 'Hinsdale', 'Hinsdale County, Colorado', 0, 'coming_soon'),
('co-huerfano', 'CO', 'Huerfano', 'Huerfano County, Colorado', 0, 'coming_soon'),
('co-jackson', 'CO', 'Jackson', 'Jackson County, Colorado', 0, 'coming_soon'),
('co-jefferson', 'CO', 'Jefferson', 'Jefferson County, Colorado', 0, 'coming_soon'),
('co-kiowa', 'CO', 'Kiowa', 'Kiowa County, Colorado', 0, 'coming_soon'),
('co-kit-carson', 'CO', 'Kit Carson', 'Kit Carson County, Colorado', 0, 'coming_soon'),
('co-la-plata', 'CO', 'La Plata', 'La Plata County, Colorado', 0, 'coming_soon'),
('co-lake', 'CO', 'Lake', 'Lake County, Colorado', 0, 'coming_soon'),
('co-larimer', 'CO', 'Larimer', 'Larimer County, Colorado', 0, 'coming_soon'),
('co-las-animas', 'CO', 'Las Animas', 'Las Animas County, Colorado', 0, 'coming_soon'),
('co-lincoln', 'CO', 'Lincoln', 'Lincoln County, Colorado', 0, 'coming_soon'),
('co-logan', 'CO', 'Logan', 'Logan County, Colorado', 0, 'coming_soon'),
('co-mesa', 'CO', 'Mesa', 'Mesa County, Colorado', 0, 'coming_soon'),
('co-mineral', 'CO', 'Mineral', 'Mineral County, Colorado', 0, 'coming_soon'),
('co-moffat', 'CO', 'Moffat', 'Moffat County, Colorado', 0, 'coming_soon'),
('co-montezuma', 'CO', 'Montezuma', 'Montezuma County, Colorado', 0, 'coming_soon'),
('co-montrose', 'CO', 'Montrose', 'Montrose County, Colorado', 0, 'coming_soon'),
('co-morgan', 'CO', 'Morgan', 'Morgan County, Colorado', 0, 'coming_soon'),
('co-otero', 'CO', 'Otero', 'Otero County, Colorado', 0, 'coming_soon'),
('co-ouray', 'CO', 'Ouray', 'Ouray County, Colorado', 0, 'coming_soon'),
('co-park', 'CO', 'Park', 'Park County, Colorado', 0, 'coming_soon'),
('co-phillips', 'CO', 'Phillips', 'Phillips County, Colorado', 0, 'coming_soon'),
('co-pitkin', 'CO', 'Pitkin', 'Pitkin County, Colorado', 0, 'coming_soon'),
('co-prowers', 'CO', 'Prowers', 'Prowers County, Colorado', 0, 'coming_soon'),
('co-pueblo', 'CO', 'Pueblo', 'Pueblo County, Colorado', 0, 'coming_soon'),
('co-rio-blanco', 'CO', 'Rio Blanco', 'Rio Blanco County, Colorado', 0, 'coming_soon'),
('co-rio-grande', 'CO', 'Rio Grande', 'Rio Grande County, Colorado', 0, 'coming_soon'),
('co-routt', 'CO', 'Routt', 'Routt County, Colorado', 0, 'coming_soon'),
('co-saguache', 'CO', 'Saguache', 'Saguache County, Colorado', 0, 'coming_soon'),
('co-san-juan', 'CO', 'San Juan', 'San Juan County, Colorado', 0, 'coming_soon'),
('co-san-miguel', 'CO', 'San Miguel', 'San Miguel County, Colorado', 0, 'coming_soon'),
('co-sedgwick', 'CO', 'Sedgwick', 'Sedgwick County, Colorado', 0, 'coming_soon'),
('co-summit', 'CO', 'Summit', 'Summit County, Colorado', 0, 'coming_soon'),
('co-teller', 'CO', 'Teller', 'Teller County, Colorado', 0, 'coming_soon'),
('co-washington', 'CO', 'Washington', 'Washington County, Colorado', 0, 'coming_soon'),
('co-weld', 'CO', 'Weld', 'Weld County, Colorado', 0, 'coming_soon'),
('co-yuma', 'CO', 'Yuma', 'Yuma County, Colorado', 0, 'coming_soon'),

-- Connecticut (8 counties)
('ct-fairfield', 'CT', 'Fairfield', 'Fairfield County, Connecticut', 0, 'coming_soon'),
('ct-hartford', 'CT', 'Hartford', 'Hartford County, Connecticut', 0, 'coming_soon'),
('ct-litchfield', 'CT', 'Litchfield', 'Litchfield County, Connecticut', 0, 'coming_soon'),
('ct-middlesex', 'CT', 'Middlesex', 'Middlesex County, Connecticut', 0, 'coming_soon'),
('ct-new-haven', 'CT', 'New Haven', 'New Haven County, Connecticut', 0, 'coming_soon'),
('ct-new-london', 'CT', 'New London', 'New London County, Connecticut', 0, 'coming_soon'),
('ct-tolland', 'CT', 'Tolland', 'Tolland County, Connecticut', 0, 'coming_soon'),
('ct-windham', 'CT', 'Windham', 'Windham County, Connecticut', 0, 'coming_soon'),

-- Delaware (3 counties)
('de-kent', 'DE', 'Kent', 'Kent County, Delaware', 0, 'coming_soon'),
('de-new-castle', 'DE', 'New Castle', 'New Castle County, Delaware', 0, 'coming_soon'),
('de-sussex', 'DE', 'Sussex', 'Sussex County, Delaware', 0, 'coming_soon'),

-- Florida (67 counties)
('fl-alachua', 'FL', 'Alachua', 'Alachua County, Florida', 0, 'coming_soon'),
('fl-baker', 'FL', 'Baker', 'Baker County, Florida', 0, 'coming_soon'),
('fl-bay', 'FL', 'Bay', 'Bay County, Florida', 0, 'coming_soon'),
('fl-bradford', 'FL', 'Bradford', 'Bradford County, Florida', 0, 'coming_soon'),
('fl-brevard', 'FL', 'Brevard', 'Brevard County, Florida', 0, 'coming_soon'),
('fl-broward', 'FL', 'Broward', 'Broward County, Florida', 0, 'coming_soon'),
('fl-calhoun', 'FL', 'Calhoun', 'Calhoun County, Florida', 0, 'coming_soon'),
('fl-charlotte', 'FL', 'Charlotte', 'Charlotte County, Florida', 0, 'coming_soon'),
('fl-citrus', 'FL', 'Citrus', 'Citrus County, Florida', 0, 'coming_soon'),
('fl-clay', 'FL', 'Clay', 'Clay County, Florida', 0, 'coming_soon'),
('fl-collier', 'FL', 'Collier', 'Collier County, Florida', 0, 'coming_soon'),
('fl-columbia', 'FL', 'Columbia', 'Columbia County, Florida', 0, 'coming_soon'),
('fl-desoto', 'FL', 'DeSoto', 'DeSoto County, Florida', 0, 'coming_soon'),
('fl-dixie', 'FL', 'Dixie', 'Dixie County, Florida', 0, 'coming_soon'),
('fl-duval', 'FL', 'Duval', 'Duval County, Florida', 0, 'coming_soon'),
('fl-escambia', 'FL', 'Escambia', 'Escambia County, Florida', 0, 'coming_soon'),
('fl-flagler', 'FL', 'Flagler', 'Flagler County, Florida', 0, 'coming_soon'),
('fl-franklin', 'FL', 'Franklin', 'Franklin County, Florida', 0, 'coming_soon'),
('fl-gadsden', 'FL', 'Gadsden', 'Gadsden County, Florida', 0, 'coming_soon'),
('fl-gilchrist', 'FL', 'Gilchrist', 'Gilchrist County, Florida', 0, 'coming_soon'),
('fl-glades', 'FL', 'Glades', 'Glades County, Florida', 0, 'coming_soon'),
('fl-gulf', 'FL', 'Gulf', 'Gulf County, Florida', 0, 'coming_soon'),
('fl-hamilton', 'FL', 'Hamilton', 'Hamilton County, Florida', 0, 'coming_soon'),
('fl-hardee', 'FL', 'Hardee', 'Hardee County, Florida', 0, 'coming_soon'),
('fl-hendry', 'FL', 'Hendry', 'Hendry County, Florida', 0, 'coming_soon'),
('fl-hernando', 'FL', 'Hernando', 'Hernando County, Florida', 0, 'coming_soon'),
('fl-highlands', 'FL', 'Highlands', 'Highlands County, Florida', 0, 'coming_soon'),
('fl-hillsborough', 'FL', 'Hillsborough', 'Hillsborough County, Florida', 0, 'coming_soon'),
('fl-holmes', 'FL', 'Holmes', 'Holmes County, Florida', 0, 'coming_soon'),
('fl-indian-river', 'FL', 'Indian River', 'Indian River County, Florida', 0, 'coming_soon'),
('fl-jackson', 'FL', 'Jackson', 'Jackson County, Florida', 0, 'coming_soon'),
('fl-jefferson', 'FL', 'Jefferson', 'Jefferson County, Florida', 0, 'coming_soon'),
('fl-lafayette', 'FL', 'Lafayette', 'Lafayette County, Florida', 0, 'coming_soon'),
('fl-lake', 'FL', 'Lake', 'Lake County, Florida', 0, 'coming_soon'),
('fl-lee', 'FL', 'Lee', 'Lee County, Florida', 0, 'coming_soon'),
('fl-leon', 'FL', 'Leon', 'Leon County, Florida', 0, 'coming_soon'),
('fl-levy', 'FL', 'Levy', 'Levy County, Florida', 0, 'coming_soon'),
('fl-liberty', 'FL', 'Liberty', 'Liberty County, Florida', 0, 'coming_soon'),
('fl-madison', 'FL', 'Madison', 'Madison County, Florida', 0, 'coming_soon'),
('fl-manatee', 'FL', 'Manatee', 'Manatee County, Florida', 0, 'coming_soon'),
('fl-marion', 'FL', 'Marion', 'Marion County, Florida', 0, 'coming_soon'),
('fl-martin', 'FL', 'Martin', 'Martin County, Florida', 0, 'coming_soon'),
('fl-miami-dade', 'FL', 'Miami-Dade', 'Miami-Dade County, Florida', 0, 'coming_soon'),
('fl-monroe', 'FL', 'Monroe', 'Monroe County, Florida', 0, 'coming_soon'),
('fl-nassau', 'FL', 'Nassau', 'Nassau County, Florida', 0, 'coming_soon'),
('fl-okaloosa', 'FL', 'Okaloosa', 'Okaloosa County, Florida', 0, 'coming_soon'),
('fl-okeechobee', 'FL', 'Okeechobee', 'Okeechobee County, Florida', 0, 'coming_soon'),
('fl-orange', 'FL', 'Orange', 'Orange County, Florida', 0, 'coming_soon'),
('fl-osceola', 'FL', 'Osceola', 'Osceola County, Florida', 0, 'coming_soon'),
('fl-palm-beach', 'FL', 'Palm Beach', 'Palm Beach County, Florida', 0, 'coming_soon'),
('fl-pasco', 'FL', 'Pasco', 'Pasco County, Florida', 0, 'coming_soon'),
('fl-pinellas', 'FL', 'Pinellas', 'Pinellas County, Florida', 0, 'coming_soon'),
('fl-polk', 'FL', 'Polk', 'Polk County, Florida', 0, 'coming_soon'),
('fl-putnam', 'FL', 'Putnam', 'Putnam County, Florida', 0, 'coming_soon'),
('fl-santa-rosa', 'FL', 'Santa Rosa', 'Santa Rosa County, Florida', 0, 'coming_soon'),
('fl-sarasota', 'FL', 'Sarasota', 'Sarasota County, Florida', 0, 'coming_soon'),
('fl-seminole', 'FL', 'Seminole', 'Seminole County, Florida', 0, 'coming_soon'),
('fl-stjohns', 'FL', 'St. Johns', 'St. Johns County, Florida', 0, 'coming_soon'),
('fl-stlucie', 'FL', 'St. Lucie', 'St. Lucie County, Florida', 0, 'coming_soon'),
('fl-sumter', 'FL', 'Sumter', 'Sumter County, Florida', 0, 'coming_soon'),
('fl-suwannee', 'FL', 'Suwannee', 'Suwannee County, Florida', 0, 'coming_soon'),
('fl-taylor', 'FL', 'Taylor', 'Taylor County, Florida', 0, 'coming_soon'),
('fl-union', 'FL', 'Union', 'Union County, Florida', 0, 'coming_soon'),
('fl-volusia', 'FL', 'Volusia', 'Volusia County, Florida', 0, 'coming_soon'),
('fl-wakulla', 'FL', 'Wakulla', 'Wakulla County, Florida', 0, 'coming_soon'),
('fl-walton', 'FL', 'Walton', 'Walton County, Florida', 0, 'coming_soon'),
('fl-washington', 'FL', 'Washington', 'Washington County, Florida', 0, 'coming_soon'),

-- Georgia (159 counties)
('ga-appling', 'GA', 'Appling', 'Appling County, Georgia', 0, 'coming_soon'),
('ga-atkinson', 'GA', 'Atkinson', 'Atkinson County, Georgia', 0, 'coming_soon'),
('ga-bacon', 'GA', 'Bacon', 'Bacon County, Georgia', 0, 'coming_soon'),
('ga-baker', 'GA', 'Baker', 'Baker County, Georgia', 0, 'coming_soon'),
('ga-baldwin', 'GA', 'Baldwin', 'Baldwin County, Georgia', 0, 'coming_soon'),
('ga-banks', 'GA', 'Banks', 'Banks County, Georgia', 0, 'coming_soon'),
('ga-barrow', 'GA', 'Barrow', 'Barrow County, Georgia', 0, 'coming_soon'),
('ga-bartow', 'GA', 'Bartow', 'Bartow County, Georgia', 0, 'coming_soon'),
('ga-ben-hill', 'GA', 'Ben Hill', 'Ben Hill County, Georgia', 0, 'coming_soon'),
('ga-berrien', 'GA', 'Berrien', 'Berrien County, Georgia', 0, 'coming_soon'),
('ga-bibb', 'GA', 'Bibb', 'Bibb County, Georgia', 0, 'coming_soon'),
('ga-bleckley', 'GA', 'Bleckley', 'Bleckley County, Georgia', 0, 'coming_soon'),
('ga-brantley', 'GA', 'Brantley', 'Brantley County, Georgia', 0, 'coming_soon'),
('ga-brooks', 'GA', 'Brooks', 'Brooks County, Georgia', 0, 'coming_soon'),
('ga-bryan', 'GA', 'Bryan', 'Bryan County, Georgia', 0, 'coming_soon'),
('ga-bulloch', 'GA', 'Bulloch', 'Bulloch County, Georgia', 0, 'coming_soon'),
('ga-burke', 'GA', 'Burke', 'Burke County, Georgia', 0, 'coming_soon'),
('ga-butts', 'GA', 'Butts', 'Butts County, Georgia', 0, 'coming_soon'),
('ga-calhoun', 'GA', 'Calhoun', 'Calhoun County, Georgia', 0, 'coming_soon'),
('ga-camden', 'GA', 'Camden', 'Camden County, Georgia', 0, 'coming_soon'),
('ga-candler', 'GA', 'Candler', 'Candler County, Georgia', 0, 'coming_soon'),
('ga-carroll', 'GA', 'Carroll', 'Carroll County, Georgia', 0, 'coming_soon'),
('ga-catoosa', 'GA', 'Catoosa', 'Catoosa County, Georgia', 0, 'coming_soon'),
('ga-charlton', 'GA', 'Charlton', 'Charlton County, Georgia', 0, 'coming_soon'),
('ga-chatham', 'GA', 'Chatham', 'Chatham County, Georgia', 0, 'coming_soon'),
('ga-chattahoochee', 'GA', 'Chattahoochee', 'Chattahoochee County, Georgia', 0, 'coming_soon'),
('ga-chattooga', 'GA', 'Chattooga', 'Chattooga County, Georgia', 0, 'coming_soon'),
('ga-cherokee', 'GA', 'Cherokee', 'Cherokee County, Georgia', 0, 'coming_soon'),
('ga-clarke', 'GA', 'Clarke', 'Clarke County, Georgia', 0, 'coming_soon'),
('ga-clay', 'GA', 'Clay', 'Clay County, Georgia', 0, 'coming_soon'),
('ga-clayton', 'GA', 'Clayton', 'Clayton County, Georgia', 0, 'coming_soon'),
('ga-clinch', 'GA', 'Clinch', 'Clinch County, Georgia', 0, 'coming_soon'),
('ga-cobb', 'GA', 'Cobb', 'Cobb County, Georgia', 0, 'coming_soon'),
('ga-coffee', 'GA', 'Coffee', 'Coffee County, Georgia', 0, 'coming_soon'),
('ga-colquitt', 'GA', 'Colquitt', 'Colquitt County, Georgia', 0, 'coming_soon'),
('ga-columbia', 'GA', 'Columbia', 'Columbia County, Georgia', 0, 'coming_soon'),
('ga-cook', 'GA', 'Cook', 'Cook County, Georgia', 0, 'coming_soon'),
('ga-coweta', 'GA', 'Coweta', 'Coweta County, Georgia', 0, 'coming_soon'),
('ga-crawford', 'GA', 'Crawford', 'Crawford County, Georgia', 0, 'coming_soon'),
('ga-crisp', 'GA', 'Crisp', 'Crisp County, Georgia', 0, 'coming_soon'),
('ga-dade', 'GA', 'Dade', 'Dade County, Georgia', 0, 'coming_soon'),
('ga-dawson', 'GA', 'Dawson', 'Dawson County, Georgia', 0, 'coming_soon'),
('ga-decatur', 'GA', 'Decatur', 'Decatur County, Georgia', 0, 'coming_soon'),
('ga-dekalb', 'GA', 'DeKalb', 'DeKalb County, Georgia', 0, 'coming_soon'),
('ga-dodge', 'GA', 'Dodge', 'Dodge County, Georgia', 0, 'coming_soon'),
('ga-dooly', 'GA', 'Dooly', 'Dooly County, Georgia', 0, 'coming_soon'),
('ga-dougherty', 'GA', 'Dougherty', 'Dougherty County, Georgia', 0, 'coming_soon'),
('ga-douglas', 'GA', 'Douglas', 'Douglas County, Georgia', 0, 'coming_soon'),
('ga-early', 'GA', 'Early', 'Early County, Georgia', 0, 'coming_soon'),
('ga-echols', 'GA', 'Echols', 'Echols County, Georgia', 0, 'coming_soon'),
('ga-effingham', 'GA', 'Effingham', 'Effingham County, Georgia', 0, 'coming_soon'),
('ga-elbert', 'GA', 'Elbert', 'Elbert County, Georgia', 0, 'coming_soon'),
('ga-emanuel', 'GA', 'Emanuel', 'Emanuel County, Georgia', 0, 'coming_soon'),
('ga-evans', 'GA', 'Evans', 'Evans County, Georgia', 0, 'coming_soon'),
('ga-fannin', 'GA', 'Fannin', 'Fannin County, Georgia', 0, 'coming_soon'),
('ga-fayette', 'GA', 'Fayette', 'Fayette County, Georgia', 0, 'coming_soon'),
('ga-floyd', 'GA', 'Floyd', 'Floyd County, Georgia', 0, 'coming_soon'),
('ga-forsyth', 'GA', 'Forsyth', 'Forsyth County, Georgia', 0, 'coming_soon'),
('ga-franklin', 'GA', 'Franklin', 'Franklin County, Georgia', 0, 'coming_soon'),
('ga-fulton', 'GA', 'Fulton', 'Fulton County, Georgia', 0, 'coming_soon'),
('ga-gilmer', 'GA', 'Gilmer', 'Gilmer County, Georgia', 0, 'coming_soon'),
('ga-glascock', 'GA', 'Glascock', 'Glascock County, Georgia', 0, 'coming_soon'),
('ga-glynn', 'GA', 'Glynn', 'Glynn County, Georgia', 0, 'coming_soon'),
('ga-gordon', 'GA', 'Gordon', 'Gordon County, Georgia', 0, 'coming_soon'),
('ga-grady', 'GA', 'Grady', 'Grady County, Georgia', 0, 'coming_soon'),
('ga-greene', 'GA', 'Greene', 'Greene County, Georgia', 0, 'coming_soon'),
('ga-gwinnett', 'GA', 'Gwinnett', 'Gwinnett County, Georgia', 0, 'coming_soon'),
('ga-habersham', 'GA', 'Habersham', 'Habersham County, Georgia', 0, 'coming_soon'),
('ga-hall', 'GA', 'Hall', 'Hall County, Georgia', 0, 'coming_soon'),
('ga-hancock', 'GA', 'Hancock', 'Hancock County, Georgia', 0, 'coming_soon'),
('ga-haralson', 'GA', 'Haralson', 'Haralson County, Georgia', 0, 'coming_soon'),
('ga-harris', 'GA', 'Harris', 'Harris County, Georgia', 0, 'coming_soon'),
('ga-hart', 'GA', 'Hart', 'Hart County, Georgia', 0, 'coming_soon'),
('ga-heard', 'GA', 'Heard', 'Heard County, Georgia', 0, 'coming_soon'),
('ga-henry', 'GA', 'Henry', 'Henry County, Georgia', 0, 'coming_soon'),
('ga-houston', 'GA', 'Houston', 'Houston County, Georgia', 0, 'coming_soon'),
('ga-irwin', 'GA', 'Irwin', 'Irwin County, Georgia', 0, 'coming_soon'),
('ga-jackson', 'GA', 'Jackson', 'Jackson County, Georgia', 0, 'coming_soon'),
('ga-jasper', 'GA', 'Jasper', 'Jasper County, Georgia', 0, 'coming_soon'),
('ga-jeff-davis', 'GA', 'Jeff Davis', 'Jeff Davis County, Georgia', 0, 'coming_soon'),
('ga-jefferson', 'GA', 'Jefferson', 'Jefferson County, Georgia', 0, 'coming_soon'),
('ga-jenkins', 'GA', 'Jenkins', 'Jenkins County, Georgia', 0, 'coming_soon'),
('ga-johnson', 'GA', 'Johnson', 'Johnson County, Georgia', 0, 'coming_soon'),
('ga-jones', 'GA', 'Jones', 'Jones County, Georgia', 0, 'coming_soon'),
('ga-lamar', 'GA', 'Lamar', 'Lamar County, Georgia', 0, 'coming_soon'),
('ga-lanier', 'GA', 'Lanier', 'Lanier County, Georgia', 0, 'coming_soon'),
('ga-laurens', 'GA', 'Laurens', 'Laurens County, Georgia', 0, 'coming_soon'),
('ga-lee', 'GA', 'Lee', 'Lee County, Georgia', 0, 'coming_soon'),
('ga-liberty', 'GA', 'Liberty', 'Liberty County, Georgia', 0, 'coming_soon'),
('ga-lincoln', 'GA', 'Lincoln', 'Lincoln County, Georgia', 0, 'coming_soon'),
('ga-long', 'GA', 'Long', 'Long County, Georgia', 0, 'coming_soon'),
('ga-lowndes', 'GA', 'Lowndes', 'Lowndes County, Georgia', 0, 'coming_soon'),
('ga-lumpkin', 'GA', 'Lumpkin', 'Lumpkin County, Georgia', 0, 'coming_soon'),
('ga-macon', 'GA', 'Macon', 'Macon County, Georgia', 0, 'coming_soon'),
('ga-madison', 'GA', 'Madison', 'Madison County, Georgia', 0, 'coming_soon'),
('ga-marion', 'GA', 'Marion', 'Marion County, Georgia', 0, 'coming_soon'),
('ga-mcduffie', 'GA', 'McDuffie', 'McDuffie County, Georgia', 0, 'coming_soon'),
('ga-mcintosh', 'GA', 'McIntosh', 'McIntosh County, Georgia', 0, 'coming_soon'),
('ga-meriwether', 'GA', 'Meriwether', 'Meriwether County, Georgia', 0, 'coming_soon'),
('ga-miller', 'GA', 'Miller', 'Miller County, Georgia', 0, 'coming_soon'),
('ga-mitchell', 'GA', 'Mitchell', 'Mitchell County, Georgia', 0, 'coming_soon'),
('ga-monroe', 'GA', 'Monroe', 'Monroe County, Georgia', 0, 'coming_soon'),
('ga-montgomery', 'GA', 'Montgomery', 'Montgomery County, Georgia', 0, 'coming_soon'),
('ga-morgan', 'GA', 'Morgan', 'Morgan County, Georgia', 0, 'coming_soon'),
('ga-murray', 'GA', 'Murray', 'Murray County, Georgia', 0, 'coming_soon'),
('ga-muscogee', 'GA', 'Muscogee', 'Muscogee County, Georgia', 0, 'coming_soon'),
('ga-newton', 'GA', 'Newton', 'Newton County, Georgia', 0, 'coming_soon'),
('ga-oconee', 'GA', 'Oconee', 'Oconee County, Georgia', 0, 'coming_soon'),
('ga-oglethorpe', 'GA', 'Oglethorpe', 'Oglethorpe County, Georgia', 0, 'coming_soon'),
('ga-paulding', 'GA', 'Paulding', 'Paulding County, Georgia', 0, 'coming_soon'),
('ga-peach', 'GA', 'Peach', 'Peach County, Georgia', 0, 'coming_soon'),
('ga-pickens', 'GA', 'Pickens', 'Pickens County, Georgia', 0, 'coming_soon'),
('ga-pierce', 'GA', 'Pierce', 'Pierce County, Georgia', 0, 'coming_soon'),
('ga-pike', 'GA', 'Pike', 'Pike County, Georgia', 0, 'coming_soon'),
('ga-polk', 'GA', 'Polk', 'Polk County, Georgia', 0, 'coming_soon'),
('ga-pulaski', 'GA', 'Pulaski', 'Pulaski County, Georgia', 0, 'coming_soon'),
('ga-putnam', 'GA', 'Putnam', 'Putnam County, Georgia', 0, 'coming_soon'),
('ga-quitman', 'GA', 'Quitman', 'Quitman County, Georgia', 0, 'coming_soon'),
('ga-rabun', 'GA', 'Rabun', 'Rabun County, Georgia', 0, 'coming_soon'),
('ga-randolph', 'GA', 'Randolph', 'Randolph County, Georgia', 0, 'coming_soon'),
('ga-richmond', 'GA', 'Richmond', 'Richmond County, Georgia', 0, 'coming_soon'),
('ga-rockdale', 'GA', 'Rockdale', 'Rockdale County, Georgia', 0, 'coming_soon'),
('ga-schley', 'GA', 'Schley', 'Schley County, Georgia', 0, 'coming_soon'),
('ga-screven', 'GA', 'Screven', 'Screven County, Georgia', 0, 'coming_soon'),
('ga-seminole', 'GA', 'Seminole', 'Seminole County, Georgia', 0, 'coming_soon'),
('ga-spalding', 'GA', 'Spalding', 'Spalding County, Georgia', 0, 'coming_soon'),
('ga-stephens', 'GA', 'Stephens', 'Stephens County, Georgia', 0, 'coming_soon'),
('ga-stewart', 'GA', 'Stewart', 'Stewart County, Georgia', 0, 'coming_soon'),
('ga-sumter', 'GA', 'Sumter', 'Sumter County, Georgia', 0, 'coming_soon'),
('ga-talbot', 'GA', 'Talbot', 'Talbot County, Georgia', 0, 'coming_soon'),
('ga-taliaferro', 'GA', 'Taliaferro', 'Taliaferro County, Georgia', 0, 'coming_soon'),
('ga-tattnall', 'GA', 'Tattnall', 'Tattnall County, Georgia', 0, 'coming_soon'),
('ga-taylor', 'GA', 'Taylor', 'Taylor County, Georgia', 0, 'coming_soon'),
('ga-telfair', 'GA', 'Telfair', 'Telfair County, Georgia', 0, 'coming_soon'),
('ga-terrell', 'GA', 'Terrell', 'Terrell County, Georgia', 0, 'coming_soon'),
('ga-thomas', 'GA', 'Thomas', 'Thomas County, Georgia', 0, 'coming_soon'),
('ga-tift', 'GA', 'Tift', 'Tift County, Georgia', 0, 'coming_soon'),
('ga-toombs', 'GA', 'Toombs', 'Toombs County, Georgia', 0, 'coming_soon'),
('ga-towns', 'GA', 'Towns', 'Towns County, Georgia', 0, 'coming_soon'),
('ga-treutlen', 'GA', 'Treutlen', 'Treutlen County, Georgia', 0, 'coming_soon'),
('ga-troup', 'GA', 'Troup', 'Troup County, Georgia', 0, 'coming_soon'),
('ga-turner', 'GA', 'Turner', 'Turner County, Georgia', 0, 'coming_soon'),
('ga-twiggs', 'GA', 'Twiggs', 'Twiggs County, Georgia', 0, 'coming_soon'),
('ga-union', 'GA', 'Union', 'Union County, Georgia', 0, 'coming_soon'),
('ga-upson', 'GA', 'Upson', 'Upson County, Georgia', 0, 'coming_soon'),
('ga-walker', 'GA', 'Walker', 'Walker County, Georgia', 0, 'coming_soon'),
('ga-walton', 'GA', 'Walton', 'Walton County, Georgia', 0, 'coming_soon'),
('ga-ware', 'GA', 'Ware', 'Ware County, Georgia', 0, 'coming_soon'),
('ga-warren', 'GA', 'Warren', 'Warren County, Georgia', 0, 'coming_soon'),
('ga-washington', 'GA', 'Washington', 'Washington County, Georgia', 0, 'coming_soon'),
('ga-wayne', 'GA', 'Wayne', 'Wayne County, Georgia', 0, 'coming_soon'),
('ga-webster', 'GA', 'Webster', 'Webster County, Georgia', 0, 'coming_soon'),
('ga-wheeler', 'GA', 'Wheeler', 'Wheeler County, Georgia', 0, 'coming_soon'),
('ga-white', 'GA', 'White', 'White County, Georgia', 0, 'coming_soon'),
('ga-whitfield', 'GA', 'Whitfield', 'Whitfield County, Georgia', 0, 'coming_soon'),
('ga-wilcox', 'GA', 'Wilcox', 'Wilcox County, Georgia', 0, 'coming_soon'),
('ga-wilkes', 'GA', 'Wilkes', 'Wilkes County, Georgia', 0, 'coming_soon'),
('ga-wilkinson', 'GA', 'Wilkinson', 'Wilkinson County, Georgia', 0, 'coming_soon'),
('ga-worth', 'GA', 'Worth', 'Worth County, Georgia', 0, 'coming_soon'),

-- Hawaii (5 counties)
('hi-hawaii', 'HI', 'Hawaii', 'Hawaii County, Hawaii', 0, 'coming_soon'),
('hi-honolulu', 'HI', 'Honolulu', 'Honolulu County, Hawaii', 0, 'coming_soon'),
('hi-kalawao', 'HI', 'Kalawao', 'Kalawao County, Hawaii', 0, 'coming_soon'),
('hi-kauai', 'HI', 'Kauai', 'Kauai County, Hawaii', 0, 'coming_soon'),
('hi-maui', 'HI', 'Maui', 'Maui County, Hawaii', 0, 'coming_soon'),

-- Idaho (44 counties)
('id-ada', 'ID', 'Ada', 'Ada County, Idaho', 0, 'coming_soon'),
('id-adams', 'ID', 'Adams', 'Adams County, Idaho', 0, 'coming_soon'),
('id-bannock', 'ID', 'Bannock', 'Bannock County, Idaho', 0, 'coming_soon'),
('id-bear-lake', 'ID', 'Bear Lake', 'Bear Lake County, Idaho', 0, 'coming_soon'),
('id-benewah', 'ID', 'Benewah', 'Benewah County, Idaho', 0, 'coming_soon'),
('id-bingham', 'ID', 'Bingham', 'Bingham County, Idaho', 0, 'coming_soon'),
('id-blaine', 'ID', 'Blaine', 'Blaine County, Idaho', 0, 'coming_soon'),
('id-boise', 'ID', 'Boise', 'Boise County, Idaho', 0, 'coming_soon'),
('id-bonner', 'ID', 'Bonner', 'Bonner County, Idaho', 0, 'coming_soon'),
('id-bonneville', 'ID', 'Bonneville', 'Bonneville County, Idaho', 0, 'coming_soon'),
('id-boundary', 'ID', 'Boundary', 'Boundary County, Idaho', 0, 'coming_soon'),
('id-butte', 'ID', 'Butte', 'Butte County, Idaho', 0, 'coming_soon'),
('id-camas', 'ID', 'Camas', 'Camas County, Idaho', 0, 'coming_soon'),
('id-canyon', 'ID', 'Canyon', 'Canyon County, Idaho', 0, 'coming_soon'),
('id-caribou', 'ID', 'Caribou', 'Caribou County, Idaho', 0, 'coming_soon'),
('id-cassia', 'ID', 'Cassia', 'Cassia County, Idaho', 0, 'coming_soon'),
('id-clark', 'ID', 'Clark', 'Clark County, Idaho', 0, 'coming_soon'),
('id-clearwater', 'ID', 'Clearwater', 'Clearwater County, Idaho', 0, 'coming_soon'),
('id-custer', 'ID', 'Custer', 'Custer County, Idaho', 0, 'coming_soon'),
('id-elmore', 'ID', 'Elmore', 'Elmore County, Idaho', 0, 'coming_soon'),
('id-franklin', 'ID', 'Franklin', 'Franklin County, Idaho', 0, 'coming_soon'),
('id-fremont', 'ID', 'Fremont', 'Fremont County, Idaho', 0, 'coming_soon'),
('id-gem', 'ID', 'Gem', 'Gem County, Idaho', 0, 'coming_soon'),
('id-gooding', 'ID', 'Gooding', 'Gooding County, Idaho', 0, 'coming_soon'),
('id-idaho', 'ID', 'Idaho', 'Idaho County, Idaho', 0, 'coming_soon'),
('id-jefferson', 'ID', 'Jefferson', 'Jefferson County, Idaho', 0, 'coming_soon'),
('id-jerome', 'ID', 'Jerome', 'Jerome County, Idaho', 0, 'coming_soon'),
('id-kootenai', 'ID', 'Kootenai', 'Kootenai County, Idaho', 0, 'coming_soon'),
('id-latah', 'ID', 'Latah', 'Latah County, Idaho', 0, 'coming_soon'),
('id-lemhi', 'ID', 'Lemhi', 'Lemhi County, Idaho', 0, 'coming_soon'),
('id-lewis', 'ID', 'Lewis', 'Lewis County, Idaho', 0, 'coming_soon'),
('id-lincoln', 'ID', 'Lincoln', 'Lincoln County, Idaho', 0, 'coming_soon'),
('id-madison', 'ID', 'Madison', 'Madison County, Idaho', 0, 'coming_soon'),
('id-minidoka', 'ID', 'Minidoka', 'Minidoka County, Idaho', 0, 'coming_soon'),
('id-nez-perce', 'ID', 'Nez Perce', 'Nez Perce County, Idaho', 0, 'coming_soon'),
('id-oneida', 'ID', 'Oneida', 'Oneida County, Idaho', 0, 'coming_soon'),
('id-owyhee', 'ID', 'Owyhee', 'Owyhee County, Idaho', 0, 'coming_soon'),
('id-payette', 'ID', 'Payette', 'Payette County, Idaho', 0, 'coming_soon'),
('id-power', 'ID', 'Power', 'Power County, Idaho', 0, 'coming_soon'),
('id-shoshone', 'ID', 'Shoshone', 'Shoshone County, Idaho', 0, 'coming_soon'),
('id-teton', 'ID', 'Teton', 'Teton County, Idaho', 0, 'coming_soon'),
('id-twin-falls', 'ID', 'Twin Falls', 'Twin Falls County, Idaho', 0, 'coming_soon'),
('id-valley', 'ID', 'Valley', 'Valley County, Idaho', 0, 'coming_soon'),
('id-washington', 'ID', 'Washington', 'Washington County, Idaho', 0, 'coming_soon')

ON CONFLICT (jurisdiction_code) DO NOTHING;
