-- Seed all US counties - Part 3 (Louisiana through Missouri)
-- Run this in Supabase SQL Editor AFTER parts 1 and 2

INSERT INTO jurisdictions (jurisdiction_code, state_code, county_name, display_name, status, monthly_license_fee) VALUES
-- Louisiana (64 parishes)
('la-acadia', 'LA', 'Acadia', 'Acadia Parish, LA', 'coming_soon', 0),
('la-allen', 'LA', 'Allen', 'Allen Parish, LA', 'coming_soon', 0),
('la-ascension', 'LA', 'Ascension', 'Ascension Parish, LA', 'coming_soon', 0),
('la-assumption', 'LA', 'Assumption', 'Assumption Parish, LA', 'coming_soon', 0),
('la-avoyelles', 'LA', 'Avoyelles', 'Avoyelles Parish, LA', 'coming_soon', 0),
('la-beauregard', 'LA', 'Beauregard', 'Beauregard Parish, LA', 'coming_soon', 0),
('la-bienville', 'LA', 'Bienville', 'Bienville Parish, LA', 'coming_soon', 0),
('la-bossier', 'LA', 'Bossier', 'Bossier Parish, LA', 'coming_soon', 0),
('la-caddo', 'LA', 'Caddo', 'Caddo Parish, LA', 'coming_soon', 0),
('la-calcasieu', 'LA', 'Calcasieu', 'Calcasieu Parish, LA', 'coming_soon', 0),
('la-caldwell', 'LA', 'Caldwell', 'Caldwell Parish, LA', 'coming_soon', 0),
('la-cameron', 'LA', 'Cameron', 'Cameron Parish, LA', 'coming_soon', 0),
('la-catahoula', 'LA', 'Catahoula', 'Catahoula Parish, LA', 'coming_soon', 0),
('la-claiborne', 'LA', 'Claiborne', 'Claiborne Parish, LA', 'coming_soon', 0),
('la-concordia', 'LA', 'Concordia', 'Concordia Parish, LA', 'coming_soon', 0),
('la-desoto', 'LA', 'De Soto', 'De Soto Parish, LA', 'coming_soon', 0),
('la-eastbatonrouge', 'LA', 'East Baton Rouge', 'East Baton Rouge Parish, LA', 'coming_soon', 0),
('la-eastcarroll', 'LA', 'East Carroll', 'East Carroll Parish, LA', 'coming_soon', 0),
('la-eastfeliciana', 'LA', 'East Feliciana', 'East Feliciana Parish, LA', 'coming_soon', 0),
('la-evangeline', 'LA', 'Evangeline', 'Evangeline Parish, LA', 'coming_soon', 0),
('la-franklin', 'LA', 'Franklin', 'Franklin Parish, LA', 'coming_soon', 0),
('la-grant', 'LA', 'Grant', 'Grant Parish, LA', 'coming_soon', 0),
('la-iberia', 'LA', 'Iberia', 'Iberia Parish, LA', 'coming_soon', 0),
('la-iberville', 'LA', 'Iberville', 'Iberville Parish, LA', 'coming_soon', 0),
('la-jackson', 'LA', 'Jackson', 'Jackson Parish, LA', 'coming_soon', 0),
('la-jefferson', 'LA', 'Jefferson', 'Jefferson Parish, LA', 'coming_soon', 0),
('la-jeffersondavis', 'LA', 'Jefferson Davis', 'Jefferson Davis Parish, LA', 'coming_soon', 0),
('la-lafayette', 'LA', 'Lafayette', 'Lafayette Parish, LA', 'coming_soon', 0),
('la-lafourche', 'LA', 'Lafourche', 'Lafourche Parish, LA', 'coming_soon', 0),
('la-lasalle', 'LA', 'LaSalle', 'LaSalle Parish, LA', 'coming_soon', 0),
('la-lincoln', 'LA', 'Lincoln', 'Lincoln Parish, LA', 'coming_soon', 0),
('la-livingston', 'LA', 'Livingston', 'Livingston Parish, LA', 'coming_soon', 0),
('la-madison', 'LA', 'Madison', 'Madison Parish, LA', 'coming_soon', 0),
('la-morehouse', 'LA', 'Morehouse', 'Morehouse Parish, LA', 'coming_soon', 0),
('la-natchitoches', 'LA', 'Natchitoches', 'Natchitoches Parish, LA', 'coming_soon', 0),
('la-orleans', 'LA', 'Orleans', 'Orleans Parish, LA', 'coming_soon', 0),
('la-ouachita', 'LA', 'Ouachita', 'Ouachita Parish, LA', 'coming_soon', 0),
('la-plaquemines', 'LA', 'Plaquemines', 'Plaquemines Parish, LA', 'coming_soon', 0),
('la-pointecoupee', 'LA', 'Pointe Coupee', 'Pointe Coupee Parish, LA', 'coming_soon', 0),
('la-rapides', 'LA', 'Rapides', 'Rapides Parish, LA', 'coming_soon', 0),
('la-redriver', 'LA', 'Red River', 'Red River Parish, LA', 'coming_soon', 0),
('la-richland', 'LA', 'Richland', 'Richland Parish, LA', 'coming_soon', 0),
('la-sabine', 'LA', 'Sabine', 'Sabine Parish, LA', 'coming_soon', 0),
('la-stbernard', 'LA', 'St. Bernard', 'St. Bernard Parish, LA', 'coming_soon', 0),
('la-stcharles', 'LA', 'St. Charles', 'St. Charles Parish, LA', 'coming_soon', 0),
('la-sthelena', 'LA', 'St. Helena', 'St. Helena Parish, LA', 'coming_soon', 0),
('la-stjames', 'LA', 'St. James', 'St. James Parish, LA', 'coming_soon', 0),
('la-stjohnthebaptist', 'LA', 'St. John the Baptist', 'St. John the Baptist Parish, LA', 'coming_soon', 0),
('la-stlandry', 'LA', 'St. Landry', 'St. Landry Parish, LA', 'coming_soon', 0),
('la-stmartin', 'LA', 'St. Martin', 'St. Martin Parish, LA', 'coming_soon', 0),
('la-stmary', 'LA', 'St. Mary', 'St. Mary Parish, LA', 'coming_soon', 0),
('la-sttammany', 'LA', 'St. Tammany', 'St. Tammany Parish, LA', 'coming_soon', 0),
('la-tangipahoa', 'LA', 'Tangipahoa', 'Tangipahoa Parish, LA', 'coming_soon', 0),
('la-tensas', 'LA', 'Tensas', 'Tensas Parish, LA', 'coming_soon', 0),
('la-terrebonne', 'LA', 'Terrebonne', 'Terrebonne Parish, LA', 'coming_soon', 0),
('la-union', 'LA', 'Union', 'Union Parish, LA', 'coming_soon', 0),
('la-vermilion', 'LA', 'Vermilion', 'Vermilion Parish, LA', 'coming_soon', 0),
('la-vernon', 'LA', 'Vernon', 'Vernon Parish, LA', 'coming_soon', 0),
('la-washington', 'LA', 'Washington', 'Washington Parish, LA', 'coming_soon', 0),
('la-webster', 'LA', 'Webster', 'Webster Parish, LA', 'coming_soon', 0),
('la-westbatonrouge', 'LA', 'West Baton Rouge', 'West Baton Rouge Parish, LA', 'coming_soon', 0),
('la-westcarroll', 'LA', 'West Carroll', 'West Carroll Parish, LA', 'coming_soon', 0),
('la-westfeliciana', 'LA', 'West Feliciana', 'West Feliciana Parish, LA', 'coming_soon', 0),
('la-winn', 'LA', 'Winn', 'Winn Parish, LA', 'coming_soon', 0),

-- Maine (16 counties)
('me-androscoggin', 'ME', 'Androscoggin', 'Androscoggin County, ME', 'coming_soon', 0),
('me-aroostook', 'ME', 'Aroostook', 'Aroostook County, ME', 'coming_soon', 0),
('me-cumberland', 'ME', 'Cumberland', 'Cumberland County, ME', 'coming_soon', 0),
('me-franklin', 'ME', 'Franklin', 'Franklin County, ME', 'coming_soon', 0),
('me-hancock', 'ME', 'Hancock', 'Hancock County, ME', 'coming_soon', 0),
('me-kennebec', 'ME', 'Kennebec', 'Kennebec County, ME', 'coming_soon', 0),
('me-knox', 'ME', 'Knox', 'Knox County, ME', 'coming_soon', 0),
('me-lincoln', 'ME', 'Lincoln', 'Lincoln County, ME', 'coming_soon', 0),
('me-oxford', 'ME', 'Oxford', 'Oxford County, ME', 'coming_soon', 0),
('me-penobscot', 'ME', 'Penobscot', 'Penobscot County, ME', 'coming_soon', 0),
('me-piscataquis', 'ME', 'Piscataquis', 'Piscataquis County, ME', 'coming_soon', 0),
('me-sagadahoc', 'ME', 'Sagadahoc', 'Sagadahoc County, ME', 'coming_soon', 0),
('me-somerset', 'ME', 'Somerset', 'Somerset County, ME', 'coming_soon', 0),
('me-waldo', 'ME', 'Waldo', 'Waldo County, ME', 'coming_soon', 0),
('me-washington', 'ME', 'Washington', 'Washington County, ME', 'coming_soon', 0),
('me-york', 'ME', 'York', 'York County, ME', 'coming_soon', 0),

-- Maryland (24 counties)
('md-allegany', 'MD', 'Allegany', 'Allegany County, MD', 'coming_soon', 0),
('md-annearundel', 'MD', 'Anne Arundel', 'Anne Arundel County, MD', 'coming_soon', 0),
('md-baltimore', 'MD', 'Baltimore', 'Baltimore County, MD', 'coming_soon', 0),
('md-baltimorecity', 'MD', 'Baltimore City', 'Baltimore City, MD', 'coming_soon', 0),
('md-calvert', 'MD', 'Calvert', 'Calvert County, MD', 'coming_soon', 0),
('md-caroline', 'MD', 'Caroline', 'Caroline County, MD', 'coming_soon', 0),
('md-carroll', 'MD', 'Carroll', 'Carroll County, MD', 'coming_soon', 0),
('md-cecil', 'MD', 'Cecil', 'Cecil County, MD', 'coming_soon', 0),
('md-charles', 'MD', 'Charles', 'Charles County, MD', 'coming_soon', 0),
('md-dorchester', 'MD', 'Dorchester', 'Dorchester County, MD', 'coming_soon', 0),
('md-frederick', 'MD', 'Frederick', 'Frederick County, MD', 'coming_soon', 0),
('md-garrett', 'MD', 'Garrett', 'Garrett County, MD', 'coming_soon', 0),
('md-harford', 'MD', 'Harford', 'Harford County, MD', 'coming_soon', 0),
('md-howard', 'MD', 'Howard', 'Howard County, MD', 'coming_soon', 0),
('md-kent', 'MD', 'Kent', 'Kent County, MD', 'coming_soon', 0),
('md-montgomery', 'MD', 'Montgomery', 'Montgomery County, MD', 'coming_soon', 0),
('md-princegeorges', 'MD', 'Prince George''s', 'Prince George''s County, MD', 'coming_soon', 0),
('md-queeneannes', 'MD', 'Queen Anne''s', 'Queen Anne''s County, MD', 'coming_soon', 0),
('md-stmarys', 'MD', 'St. Mary''s', 'St. Mary''s County, MD', 'coming_soon', 0),
('md-somerset', 'MD', 'Somerset', 'Somerset County, MD', 'coming_soon', 0),
('md-talbot', 'MD', 'Talbot', 'Talbot County, MD', 'coming_soon', 0),
('md-washington', 'MD', 'Washington', 'Washington County, MD', 'coming_soon', 0),
('md-wicomico', 'MD', 'Wicomico', 'Wicomico County, MD', 'coming_soon', 0),
('md-worcester', 'MD', 'Worcester', 'Worcester County, MD', 'coming_soon', 0),

-- Massachusetts (14 counties)
('ma-barnstable', 'MA', 'Barnstable', 'Barnstable County, MA', 'coming_soon', 0),
('ma-berkshire', 'MA', 'Berkshire', 'Berkshire County, MA', 'coming_soon', 0),
('ma-bristol', 'MA', 'Bristol', 'Bristol County, MA', 'coming_soon', 0),
('ma-dukes', 'MA', 'Dukes', 'Dukes County, MA', 'coming_soon', 0),
('ma-essex', 'MA', 'Essex', 'Essex County, MA', 'coming_soon', 0),
('ma-franklin', 'MA', 'Franklin', 'Franklin County, MA', 'coming_soon', 0),
('ma-hampden', 'MA', 'Hampden', 'Hampden County, MA', 'coming_soon', 0),
('ma-hampshire', 'MA', 'Hampshire', 'Hampshire County, MA', 'coming_soon', 0),
('ma-middlesex', 'MA', 'Middlesex', 'Middlesex County, MA', 'coming_soon', 0),
('ma-nantucket', 'MA', 'Nantucket', 'Nantucket County, MA', 'coming_soon', 0),
('ma-norfolk', 'MA', 'Norfolk', 'Norfolk County, MA', 'coming_soon', 0),
('ma-plymouth', 'MA', 'Plymouth', 'Plymouth County, MA', 'coming_soon', 0),
('ma-suffolk', 'MA', 'Suffolk', 'Suffolk County, MA', 'coming_soon', 0),
('ma-worcester', 'MA', 'Worcester', 'Worcester County, MA', 'coming_soon', 0),

-- Michigan (83 counties)
('mi-alcona', 'MI', 'Alcona', 'Alcona County, MI', 'coming_soon', 0),
('mi-alger', 'MI', 'Alger', 'Alger County, MI', 'coming_soon', 0),
('mi-allegan', 'MI', 'Allegan', 'Allegan County, MI', 'coming_soon', 0),
('mi-alpena', 'MI', 'Alpena', 'Alpena County, MI', 'coming_soon', 0),
('mi-antrim', 'MI', 'Antrim', 'Antrim County, MI', 'coming_soon', 0),
('mi-arenac', 'MI', 'Arenac', 'Arenac County, MI', 'coming_soon', 0),
('mi-baraga', 'MI', 'Baraga', 'Baraga County, MI', 'coming_soon', 0),
('mi-barry', 'MI', 'Barry', 'Barry County, MI', 'coming_soon', 0),
('mi-bay', 'MI', 'Bay', 'Bay County, MI', 'coming_soon', 0),
('mi-benzie', 'MI', 'Benzie', 'Benzie County, MI', 'coming_soon', 0),
('mi-berrien', 'MI', 'Berrien', 'Berrien County, MI', 'coming_soon', 0),
('mi-branch', 'MI', 'Branch', 'Branch County, MI', 'coming_soon', 0),
('mi-calhoun', 'MI', 'Calhoun', 'Calhoun County, MI', 'coming_soon', 0),
('mi-cass', 'MI', 'Cass', 'Cass County, MI', 'coming_soon', 0),
('mi-charlevoix', 'MI', 'Charlevoix', 'Charlevoix County, MI', 'coming_soon', 0),
('mi-cheboygan', 'MI', 'Cheboygan', 'Cheboygan County, MI', 'coming_soon', 0),
('mi-chippewa', 'MI', 'Chippewa', 'Chippewa County, MI', 'coming_soon', 0),
('mi-clare', 'MI', 'Clare', 'Clare County, MI', 'coming_soon', 0),
('mi-clinton', 'MI', 'Clinton', 'Clinton County, MI', 'coming_soon', 0),
('mi-crawford', 'MI', 'Crawford', 'Crawford County, MI', 'coming_soon', 0),
('mi-delta', 'MI', 'Delta', 'Delta County, MI', 'coming_soon', 0),
('mi-dickinson', 'MI', 'Dickinson', 'Dickinson County, MI', 'coming_soon', 0),
('mi-eaton', 'MI', 'Eaton', 'Eaton County, MI', 'coming_soon', 0),
('mi-emmet', 'MI', 'Emmet', 'Emmet County, MI', 'coming_soon', 0),
('mi-genesee', 'MI', 'Genesee', 'Genesee County, MI', 'coming_soon', 0),
('mi-gladwin', 'MI', 'Gladwin', 'Gladwin County, MI', 'coming_soon', 0),
('mi-gogebic', 'MI', 'Gogebic', 'Gogebic County, MI', 'coming_soon', 0),
('mi-grandtraverse', 'MI', 'Grand Traverse', 'Grand Traverse County, MI', 'coming_soon', 0),
('mi-gratiot', 'MI', 'Gratiot', 'Gratiot County, MI', 'coming_soon', 0),
('mi-hillsdale', 'MI', 'Hillsdale', 'Hillsdale County, MI', 'coming_soon', 0),
('mi-houghton', 'MI', 'Houghton', 'Houghton County, MI', 'coming_soon', 0),
('mi-huron', 'MI', 'Huron', 'Huron County, MI', 'coming_soon', 0),
('mi-ingham', 'MI', 'Ingham', 'Ingham County, MI', 'coming_soon', 0),
('mi-ionia', 'MI', 'Ionia', 'Ionia County, MI', 'coming_soon', 0),
('mi-iosco', 'MI', 'Iosco', 'Iosco County, MI', 'coming_soon', 0),
('mi-iron', 'MI', 'Iron', 'Iron County, MI', 'coming_soon', 0),
('mi-isabella', 'MI', 'Isabella', 'Isabella County, MI', 'coming_soon', 0),
('mi-jackson', 'MI', 'Jackson', 'Jackson County, MI', 'coming_soon', 0),
('mi-kalamazoo', 'MI', 'Kalamazoo', 'Kalamazoo County, MI', 'coming_soon', 0),
('mi-kalkaska', 'MI', 'Kalkaska', 'Kalkaska County, MI', 'coming_soon', 0),
('mi-kent', 'MI', 'Kent', 'Kent County, MI', 'coming_soon', 0),
('mi-keweenaw', 'MI', 'Keweenaw', 'Keweenaw County, MI', 'coming_soon', 0),
('mi-lake', 'MI', 'Lake', 'Lake County, MI', 'coming_soon', 0),
('mi-lapeer', 'MI', 'Lapeer', 'Lapeer County, MI', 'coming_soon', 0),
('mi-leelanau', 'MI', 'Leelanau', 'Leelanau County, MI', 'coming_soon', 0),
('mi-lenawee', 'MI', 'Lenawee', 'Lenawee County, MI', 'coming_soon', 0),
('mi-livingston', 'MI', 'Livingston', 'Livingston County, MI', 'coming_soon', 0),
('mi-luce', 'MI', 'Luce', 'Luce County, MI', 'coming_soon', 0),
('mi-mackinac', 'MI', 'Mackinac', 'Mackinac County, MI', 'coming_soon', 0),
('mi-macomb', 'MI', 'Macomb', 'Macomb County, MI', 'coming_soon', 0),
('mi-manistee', 'MI', 'Manistee', 'Manistee County, MI', 'coming_soon', 0),
('mi-marquette', 'MI', 'Marquette', 'Marquette County, MI', 'coming_soon', 0),
('mi-mason', 'MI', 'Mason', 'Mason County, MI', 'coming_soon', 0),
('mi-mecosta', 'MI', 'Mecosta', 'Mecosta County, MI', 'coming_soon', 0),
('mi-menominee', 'MI', 'Menominee', 'Menominee County, MI', 'coming_soon', 0),
('mi-midland', 'MI', 'Midland', 'Midland County, MI', 'coming_soon', 0),
('mi-missaukee', 'MI', 'Missaukee', 'Missaukee County, MI', 'coming_soon', 0),
('mi-monroe', 'MI', 'Monroe', 'Monroe County, MI', 'coming_soon', 0),
('mi-montcalm', 'MI', 'Montcalm', 'Montcalm County, MI', 'coming_soon', 0),
('mi-montmorency', 'MI', 'Montmorency', 'Montmorency County, MI', 'coming_soon', 0),
('mi-muskegon', 'MI', 'Muskegon', 'Muskegon County, MI', 'coming_soon', 0),
('mi-newaygo', 'MI', 'Newaygo', 'Newaygo County, MI', 'coming_soon', 0),
('mi-oakland', 'MI', 'Oakland', 'Oakland County, MI', 'coming_soon', 0),
('mi-oceana', 'MI', 'Oceana', 'Oceana County, MI', 'coming_soon', 0),
('mi-ogemaw', 'MI', 'Ogemaw', 'Ogemaw County, MI', 'coming_soon', 0),
('mi-ontonagon', 'MI', 'Ontonagon', 'Ontonagon County, MI', 'coming_soon', 0),
('mi-osceola', 'MI', 'Osceola', 'Osceola County, MI', 'coming_soon', 0),
('mi-oscoda', 'MI', 'Oscoda', 'Oscoda County, MI', 'coming_soon', 0),
('mi-otsego', 'MI', 'Otsego', 'Otsego County, MI', 'coming_soon', 0),
('mi-ottawa', 'MI', 'Ottawa', 'Ottawa County, MI', 'coming_soon', 0),
('mi-presqueisle', 'MI', 'Presque Isle', 'Presque Isle County, MI', 'coming_soon', 0),
('mi-roscommon', 'MI', 'Roscommon', 'Roscommon County, MI', 'coming_soon', 0),
('mi-saginaw', 'MI', 'Saginaw', 'Saginaw County, MI', 'coming_soon', 0),
('mi-stclair', 'MI', 'St. Clair', 'St. Clair County, MI', 'coming_soon', 0),
('mi-stjoseph', 'MI', 'St. Joseph', 'St. Joseph County, MI', 'coming_soon', 0),
('mi-sanilac', 'MI', 'Sanilac', 'Sanilac County, MI', 'coming_soon', 0),
('mi-schoolcraft', 'MI', 'Schoolcraft', 'Schoolcraft County, MI', 'coming_soon', 0),
('mi-shiawassee', 'MI', 'Shiawassee', 'Shiawassee County, MI', 'coming_soon', 0),
('mi-tuscola', 'MI', 'Tuscola', 'Tuscola County, MI', 'coming_soon', 0),
('mi-vanburen', 'MI', 'Van Buren', 'Van Buren County, MI', 'coming_soon', 0),
('mi-washtenaw', 'MI', 'Washtenaw', 'Washtenaw County, MI', 'coming_soon', 0),
('mi-wayne', 'MI', 'Wayne', 'Wayne County, MI', 'coming_soon', 0),
('mi-wexford', 'MI', 'Wexford', 'Wexford County, MI', 'coming_soon', 0),

-- Minnesota (87 counties)
('mn-aitkin', 'MN', 'Aitkin', 'Aitkin County, MN', 'coming_soon', 0),
('mn-anoka', 'MN', 'Anoka', 'Anoka County, MN', 'coming_soon', 0),
('mn-becker', 'MN', 'Becker', 'Becker County, MN', 'coming_soon', 0),
('mn-beltrami', 'MN', 'Beltrami', 'Beltrami County, MN', 'coming_soon', 0),
('mn-benton', 'MN', 'Benton', 'Benton County, MN', 'coming_soon', 0),
('mn-bigstone', 'MN', 'Big Stone', 'Big Stone County, MN', 'coming_soon', 0),
('mn-blueearth', 'MN', 'Blue Earth', 'Blue Earth County, MN', 'coming_soon', 0),
('mn-brown', 'MN', 'Brown', 'Brown County, MN', 'coming_soon', 0),
('mn-carlton', 'MN', 'Carlton', 'Carlton County, MN', 'coming_soon', 0),
('mn-carver', 'MN', 'Carver', 'Carver County, MN', 'coming_soon', 0),
('mn-cass', 'MN', 'Cass', 'Cass County, MN', 'coming_soon', 0),
('mn-chippewa', 'MN', 'Chippewa', 'Chippewa County, MN', 'coming_soon', 0),
('mn-chisago', 'MN', 'Chisago', 'Chisago County, MN', 'coming_soon', 0),
('mn-clay', 'MN', 'Clay', 'Clay County, MN', 'coming_soon', 0),
('mn-clearwater', 'MN', 'Clearwater', 'Clearwater County, MN', 'coming_soon', 0),
('mn-cook', 'MN', 'Cook', 'Cook County, MN', 'coming_soon', 0),
('mn-cottonwood', 'MN', 'Cottonwood', 'Cottonwood County, MN', 'coming_soon', 0),
('mn-crowwing', 'MN', 'Crow Wing', 'Crow Wing County, MN', 'coming_soon', 0),
('mn-dakota', 'MN', 'Dakota', 'Dakota County, MN', 'coming_soon', 0),
('mn-dodge', 'MN', 'Dodge', 'Dodge County, MN', 'coming_soon', 0),
('mn-douglas', 'MN', 'Douglas', 'Douglas County, MN', 'coming_soon', 0),
('mn-faribault', 'MN', 'Faribault', 'Faribault County, MN', 'coming_soon', 0),
('mn-fillmore', 'MN', 'Fillmore', 'Fillmore County, MN', 'coming_soon', 0),
('mn-freeborn', 'MN', 'Freeborn', 'Freeborn County, MN', 'coming_soon', 0),
('mn-goodhue', 'MN', 'Goodhue', 'Goodhue County, MN', 'coming_soon', 0),
('mn-grant', 'MN', 'Grant', 'Grant County, MN', 'coming_soon', 0),
('mn-hennepin', 'MN', 'Hennepin', 'Hennepin County, MN', 'coming_soon', 0),
('mn-houston', 'MN', 'Houston', 'Houston County, MN', 'coming_soon', 0),
('mn-hubbard', 'MN', 'Hubbard', 'Hubbard County, MN', 'coming_soon', 0),
('mn-isanti', 'MN', 'Isanti', 'Isanti County, MN', 'coming_soon', 0),
('mn-itasca', 'MN', 'Itasca', 'Itasca County, MN', 'coming_soon', 0),
('mn-jackson', 'MN', 'Jackson', 'Jackson County, MN', 'coming_soon', 0),
('mn-kanabec', 'MN', 'Kanabec', 'Kanabec County, MN', 'coming_soon', 0),
('mn-kandiyohi', 'MN', 'Kandiyohi', 'Kandiyohi County, MN', 'coming_soon', 0),
('mn-kittson', 'MN', 'Kittson', 'Kittson County, MN', 'coming_soon', 0),
('mn-koochiching', 'MN', 'Koochiching', 'Koochiching County, MN', 'coming_soon', 0),
('mn-lacquiparle', 'MN', 'Lac qui Parle', 'Lac qui Parle County, MN', 'coming_soon', 0),
('mn-lake', 'MN', 'Lake', 'Lake County, MN', 'coming_soon', 0),
('mn-lakeofthewoods', 'MN', 'Lake of the Woods', 'Lake of the Woods County, MN', 'coming_soon', 0),
('mn-lesueur', 'MN', 'Le Sueur', 'Le Sueur County, MN', 'coming_soon', 0),
('mn-lincoln', 'MN', 'Lincoln', 'Lincoln County, MN', 'coming_soon', 0),
('mn-lyon', 'MN', 'Lyon', 'Lyon County, MN', 'coming_soon', 0),
('mn-mahnomen', 'MN', 'Mahnomen', 'Mahnomen County, MN', 'coming_soon', 0),
('mn-marshall', 'MN', 'Marshall', 'Marshall County, MN', 'coming_soon', 0),
('mn-martin', 'MN', 'Martin', 'Martin County, MN', 'coming_soon', 0),
('mn-mcleod', 'MN', 'McLeod', 'McLeod County, MN', 'coming_soon', 0),
('mn-meeker', 'MN', 'Meeker', 'Meeker County, MN', 'coming_soon', 0),
('mn-millelacs', 'MN', 'Mille Lacs', 'Mille Lacs County, MN', 'coming_soon', 0),
('mn-morrison', 'MN', 'Morrison', 'Morrison County, MN', 'coming_soon', 0),
('mn-mower', 'MN', 'Mower', 'Mower County, MN', 'coming_soon', 0),
('mn-murray', 'MN', 'Murray', 'Murray County, MN', 'coming_soon', 0),
('mn-nicollet', 'MN', 'Nicollet', 'Nicollet County, MN', 'coming_soon', 0),
('mn-nobles', 'MN', 'Nobles', 'Nobles County, MN', 'coming_soon', 0),
('mn-norman', 'MN', 'Norman', 'Norman County, MN', 'coming_soon', 0),
('mn-olmsted', 'MN', 'Olmsted', 'Olmsted County, MN', 'coming_soon', 0),
('mn-ottertail', 'MN', 'Otter Tail', 'Otter Tail County, MN', 'coming_soon', 0),
('mn-pennington', 'MN', 'Pennington', 'Pennington County, MN', 'coming_soon', 0),
('mn-pine', 'MN', 'Pine', 'Pine County, MN', 'coming_soon', 0),
('mn-pipestone', 'MN', 'Pipestone', 'Pipestone County, MN', 'coming_soon', 0),
('mn-polk', 'MN', 'Polk', 'Polk County, MN', 'coming_soon', 0),
('mn-pope', 'MN', 'Pope', 'Pope County, MN', 'coming_soon', 0),
('mn-ramsey', 'MN', 'Ramsey', 'Ramsey County, MN', 'coming_soon', 0),
('mn-redlake', 'MN', 'Red Lake', 'Red Lake County, MN', 'coming_soon', 0),
('mn-redwood', 'MN', 'Redwood', 'Redwood County, MN', 'coming_soon', 0),
('mn-renville', 'MN', 'Renville', 'Renville County, MN', 'coming_soon', 0),
('mn-rice', 'MN', 'Rice', 'Rice County, MN', 'coming_soon', 0),
('mn-rock', 'MN', 'Rock', 'Rock County, MN', 'coming_soon', 0),
('mn-roseau', 'MN', 'Roseau', 'Roseau County, MN', 'coming_soon', 0),
('mn-scott', 'MN', 'Scott', 'Scott County, MN', 'coming_soon', 0),
('mn-sherburne', 'MN', 'Sherburne', 'Sherburne County, MN', 'coming_soon', 0),
('mn-sibley', 'MN', 'Sibley', 'Sibley County, MN', 'coming_soon', 0),
('mn-stearns', 'MN', 'Stearns', 'Stearns County, MN', 'coming_soon', 0),
('mn-steele', 'MN', 'Steele', 'Steele County, MN', 'coming_soon', 0),
('mn-stevens', 'MN', 'Stevens', 'Stevens County, MN', 'coming_soon', 0),
('mn-swift', 'MN', 'Swift', 'Swift County, MN', 'coming_soon', 0),
('mn-todd', 'MN', 'Todd', 'Todd County, MN', 'coming_soon', 0),
('mn-traverse', 'MN', 'Traverse', 'Traverse County, MN', 'coming_soon', 0),
('mn-wabasha', 'MN', 'Wabasha', 'Wabasha County, MN', 'coming_soon', 0),
('mn-wadena', 'MN', 'Wadena', 'Wadena County, MN', 'coming_soon', 0),
('mn-waseca', 'MN', 'Waseca', 'Waseca County, MN', 'coming_soon', 0),
('mn-washington', 'MN', 'Washington', 'Washington County, MN', 'coming_soon', 0),
('mn-watonwan', 'MN', 'Watonwan', 'Watonwan County, MN', 'coming_soon', 0),
('mn-wilkin', 'MN', 'Wilkin', 'Wilkin County, MN', 'coming_soon', 0),
('mn-winona', 'MN', 'Winona', 'Winona County, MN', 'coming_soon', 0),
('mn-wright', 'MN', 'Wright', 'Wright County, MN', 'coming_soon', 0),
('mn-yellowmedicine', 'MN', 'Yellow Medicine', 'Yellow Medicine County, MN', 'coming_soon', 0),

-- Mississippi (82 counties)
('ms-adams', 'MS', 'Adams', 'Adams County, MS', 'coming_soon', 0),
('ms-alcorn', 'MS', 'Alcorn', 'Alcorn County, MS', 'coming_soon', 0),
('ms-amite', 'MS', 'Amite', 'Amite County, MS', 'coming_soon', 0),
('ms-attala', 'MS', 'Attala', 'Attala County, MS', 'coming_soon', 0),
('ms-benton', 'MS', 'Benton', 'Benton County, MS', 'coming_soon', 0),
('ms-bolivar', 'MS', 'Bolivar', 'Bolivar County, MS', 'coming_soon', 0),
('ms-calhoun', 'MS', 'Calhoun', 'Calhoun County, MS', 'coming_soon', 0),
('ms-carroll', 'MS', 'Carroll', 'Carroll County, MS', 'coming_soon', 0),
('ms-chickasaw', 'MS', 'Chickasaw', 'Chickasaw County, MS', 'coming_soon', 0),
('ms-choctaw', 'MS', 'Choctaw', 'Choctaw County, MS', 'coming_soon', 0),
('ms-claiborne', 'MS', 'Claiborne', 'Claiborne County, MS', 'coming_soon', 0),
('ms-clarke', 'MS', 'Clarke', 'Clarke County, MS', 'coming_soon', 0),
('ms-clay', 'MS', 'Clay', 'Clay County, MS', 'coming_soon', 0),
('ms-coahoma', 'MS', 'Coahoma', 'Coahoma County, MS', 'coming_soon', 0),
('ms-copiah', 'MS', 'Copiah', 'Copiah County, MS', 'coming_soon', 0),
('ms-covington', 'MS', 'Covington', 'Covington County, MS', 'coming_soon', 0),
('ms-desoto', 'MS', 'DeSoto', 'DeSoto County, MS', 'coming_soon', 0),
('ms-forrest', 'MS', 'Forrest', 'Forrest County, MS', 'coming_soon', 0),
('ms-franklin', 'MS', 'Franklin', 'Franklin County, MS', 'coming_soon', 0),
('ms-george', 'MS', 'George', 'George County, MS', 'coming_soon', 0),
('ms-greene', 'MS', 'Greene', 'Greene County, MS', 'coming_soon', 0),
('ms-grenada', 'MS', 'Grenada', 'Grenada County, MS', 'coming_soon', 0),
('ms-hancock', 'MS', 'Hancock', 'Hancock County, MS', 'coming_soon', 0),
('ms-harrison', 'MS', 'Harrison', 'Harrison County, MS', 'coming_soon', 0),
('ms-hinds', 'MS', 'Hinds', 'Hinds County, MS', 'coming_soon', 0),
('ms-holmes', 'MS', 'Holmes', 'Holmes County, MS', 'coming_soon', 0),
('ms-humphreys', 'MS', 'Humphreys', 'Humphreys County, MS', 'coming_soon', 0),
('ms-issaquena', 'MS', 'Issaquena', 'Issaquena County, MS', 'coming_soon', 0),
('ms-itawamba', 'MS', 'Itawamba', 'Itawamba County, MS', 'coming_soon', 0),
('ms-jackson', 'MS', 'Jackson', 'Jackson County, MS', 'coming_soon', 0),
('ms-jasper', 'MS', 'Jasper', 'Jasper County, MS', 'coming_soon', 0),
('ms-jeffdavis', 'MS', 'Jefferson Davis', 'Jefferson Davis County, MS', 'coming_soon', 0),
('ms-jefferson', 'MS', 'Jefferson', 'Jefferson County, MS', 'coming_soon', 0),
('ms-jones', 'MS', 'Jones', 'Jones County, MS', 'coming_soon', 0),
('ms-kemper', 'MS', 'Kemper', 'Kemper County, MS', 'coming_soon', 0),
('ms-lafayette', 'MS', 'Lafayette', 'Lafayette County, MS', 'coming_soon', 0),
('ms-lamar', 'MS', 'Lamar', 'Lamar County, MS', 'coming_soon', 0),
('ms-lauderdale', 'MS', 'Lauderdale', 'Lauderdale County, MS', 'coming_soon', 0),
('ms-lawrence', 'MS', 'Lawrence', 'Lawrence County, MS', 'coming_soon', 0),
('ms-leake', 'MS', 'Leake', 'Leake County, MS', 'coming_soon', 0),
('ms-lee', 'MS', 'Lee', 'Lee County, MS', 'coming_soon', 0),
('ms-leflore', 'MS', 'Leflore', 'Leflore County, MS', 'coming_soon', 0),
('ms-lincoln', 'MS', 'Lincoln', 'Lincoln County, MS', 'coming_soon', 0),
('ms-lowndes', 'MS', 'Lowndes', 'Lowndes County, MS', 'coming_soon', 0),
('ms-madison', 'MS', 'Madison', 'Madison County, MS', 'coming_soon', 0),
('ms-marion', 'MS', 'Marion', 'Marion County, MS', 'coming_soon', 0),
('ms-marshall', 'MS', 'Marshall', 'Marshall County, MS', 'coming_soon', 0),
('ms-monroe', 'MS', 'Monroe', 'Monroe County, MS', 'coming_soon', 0),
('ms-montgomery', 'MS', 'Montgomery', 'Montgomery County, MS', 'coming_soon', 0),
('ms-neshoba', 'MS', 'Neshoba', 'Neshoba County, MS', 'coming_soon', 0),
('ms-newton', 'MS', 'Newton', 'Newton County, MS', 'coming_soon', 0),
('ms-noxubee', 'MS', 'Noxubee', 'Noxubee County, MS', 'coming_soon', 0),
('ms-oktibbeha', 'MS', 'Oktibbeha', 'Oktibbeha County, MS', 'coming_soon', 0),
('ms-panola', 'MS', 'Panola', 'Panola County, MS', 'coming_soon', 0),
('ms-pearlriver', 'MS', 'Pearl River', 'Pearl River County, MS', 'coming_soon', 0),
('ms-perry', 'MS', 'Perry', 'Perry County, MS', 'coming_soon', 0),
('ms-pike', 'MS', 'Pike', 'Pike County, MS', 'coming_soon', 0),
('ms-pontotoc', 'MS', 'Pontotoc', 'Pontotoc County, MS', 'coming_soon', 0),
('ms-prentiss', 'MS', 'Prentiss', 'Prentiss County, MS', 'coming_soon', 0),
('ms-quitman', 'MS', 'Quitman', 'Quitman County, MS', 'coming_soon', 0),
('ms-rankin', 'MS', 'Rankin', 'Rankin County, MS', 'coming_soon', 0),
('ms-scott', 'MS', 'Scott', 'Scott County, MS', 'coming_soon', 0),
('ms-sharkey', 'MS', 'Sharkey', 'Sharkey County, MS', 'coming_soon', 0),
('ms-simpson', 'MS', 'Simpson', 'Simpson County, MS', 'coming_soon', 0),
('ms-smith', 'MS', 'Smith', 'Smith County, MS', 'coming_soon', 0),
('ms-stone', 'MS', 'Stone', 'Stone County, MS', 'coming_soon', 0),
('ms-sunflower', 'MS', 'Sunflower', 'Sunflower County, MS', 'coming_soon', 0),
('ms-tallahatchie', 'MS', 'Tallahatchie', 'Tallahatchie County, MS', 'coming_soon', 0),
('ms-tate', 'MS', 'Tate', 'Tate County, MS', 'coming_soon', 0),
('ms-tippah', 'MS', 'Tippah', 'Tippah County, MS', 'coming_soon', 0),
('ms-tishomingo', 'MS', 'Tishomingo', 'Tishomingo County, MS', 'coming_soon', 0),
('ms-tunica', 'MS', 'Tunica', 'Tunica County, MS', 'coming_soon', 0),
('ms-union', 'MS', 'Union', 'Union County, MS', 'coming_soon', 0),
('ms-walthall', 'MS', 'Walthall', 'Walthall County, MS', 'coming_soon', 0),
('ms-warren', 'MS', 'Warren', 'Warren County, MS', 'coming_soon', 0),
('ms-washington', 'MS', 'Washington', 'Washington County, MS', 'coming_soon', 0),
('ms-wayne', 'MS', 'Wayne', 'Wayne County, MS', 'coming_soon', 0),
('ms-webster', 'MS', 'Webster', 'Webster County, MS', 'coming_soon', 0),
('ms-wilkinson', 'MS', 'Wilkinson', 'Wilkinson County, MS', 'coming_soon', 0),
('ms-winston', 'MS', 'Winston', 'Winston County, MS', 'coming_soon', 0),
('ms-yalobusha', 'MS', 'Yalobusha', 'Yalobusha County, MS', 'coming_soon', 0),
('ms-yazoo', 'MS', 'Yazoo', 'Yazoo County, MS', 'coming_soon', 0),

-- Missouri (115 counties including St. Louis City)
('mo-adair', 'MO', 'Adair', 'Adair County, MO', 'coming_soon', 0),
('mo-andrew', 'MO', 'Andrew', 'Andrew County, MO', 'coming_soon', 0),
('mo-atchison', 'MO', 'Atchison', 'Atchison County, MO', 'coming_soon', 0),
('mo-audrain', 'MO', 'Audrain', 'Audrain County, MO', 'coming_soon', 0),
('mo-barry', 'MO', 'Barry', 'Barry County, MO', 'coming_soon', 0),
('mo-barton', 'MO', 'Barton', 'Barton County, MO', 'coming_soon', 0),
('mo-bates', 'MO', 'Bates', 'Bates County, MO', 'coming_soon', 0),
('mo-benton', 'MO', 'Benton', 'Benton County, MO', 'coming_soon', 0),
('mo-bollinger', 'MO', 'Bollinger', 'Bollinger County, MO', 'coming_soon', 0),
('mo-boone', 'MO', 'Boone', 'Boone County, MO', 'coming_soon', 0),
('mo-buchanan', 'MO', 'Buchanan', 'Buchanan County, MO', 'coming_soon', 0),
('mo-butler', 'MO', 'Butler', 'Butler County, MO', 'coming_soon', 0),
('mo-caldwell', 'MO', 'Caldwell', 'Caldwell County, MO', 'coming_soon', 0),
('mo-callaway', 'MO', 'Callaway', 'Callaway County, MO', 'coming_soon', 0),
('mo-camden', 'MO', 'Camden', 'Camden County, MO', 'coming_soon', 0),
('mo-capegirardeau', 'MO', 'Cape Girardeau', 'Cape Girardeau County, MO', 'coming_soon', 0),
('mo-carroll', 'MO', 'Carroll', 'Carroll County, MO', 'coming_soon', 0),
('mo-carter', 'MO', 'Carter', 'Carter County, MO', 'coming_soon', 0),
('mo-cass', 'MO', 'Cass', 'Cass County, MO', 'coming_soon', 0),
('mo-cedar', 'MO', 'Cedar', 'Cedar County, MO', 'coming_soon', 0),
('mo-chariton', 'MO', 'Chariton', 'Chariton County, MO', 'coming_soon', 0),
('mo-christian', 'MO', 'Christian', 'Christian County, MO', 'coming_soon', 0),
('mo-clark', 'MO', 'Clark', 'Clark County, MO', 'coming_soon', 0),
('mo-clay', 'MO', 'Clay', 'Clay County, MO', 'coming_soon', 0),
('mo-clinton', 'MO', 'Clinton', 'Clinton County, MO', 'coming_soon', 0),
('mo-cole', 'MO', 'Cole', 'Cole County, MO', 'coming_soon', 0),
('mo-cooper', 'MO', 'Cooper', 'Cooper County, MO', 'coming_soon', 0),
('mo-crawford', 'MO', 'Crawford', 'Crawford County, MO', 'coming_soon', 0),
('mo-dade', 'MO', 'Dade', 'Dade County, MO', 'coming_soon', 0),
('mo-dallas', 'MO', 'Dallas', 'Dallas County, MO', 'coming_soon', 0),
('mo-daviess', 'MO', 'Daviess', 'Daviess County, MO', 'coming_soon', 0),
('mo-dekalb', 'MO', 'DeKalb', 'DeKalb County, MO', 'coming_soon', 0),
('mo-dent', 'MO', 'Dent', 'Dent County, MO', 'coming_soon', 0),
('mo-douglas', 'MO', 'Douglas', 'Douglas County, MO', 'coming_soon', 0),
('mo-dunklin', 'MO', 'Dunklin', 'Dunklin County, MO', 'coming_soon', 0),
('mo-franklin', 'MO', 'Franklin', 'Franklin County, MO', 'coming_soon', 0),
('mo-gasconade', 'MO', 'Gasconade', 'Gasconade County, MO', 'coming_soon', 0),
('mo-gentry', 'MO', 'Gentry', 'Gentry County, MO', 'coming_soon', 0),
('mo-greene', 'MO', 'Greene', 'Greene County, MO', 'coming_soon', 0),
('mo-grundy', 'MO', 'Grundy', 'Grundy County, MO', 'coming_soon', 0),
('mo-harrison', 'MO', 'Harrison', 'Harrison County, MO', 'coming_soon', 0),
('mo-henry', 'MO', 'Henry', 'Henry County, MO', 'coming_soon', 0),
('mo-hickory', 'MO', 'Hickory', 'Hickory County, MO', 'coming_soon', 0),
('mo-holt', 'MO', 'Holt', 'Holt County, MO', 'coming_soon', 0),
('mo-howard', 'MO', 'Howard', 'Howard County, MO', 'coming_soon', 0),
('mo-howell', 'MO', 'Howell', 'Howell County, MO', 'coming_soon', 0),
('mo-iron', 'MO', 'Iron', 'Iron County, MO', 'coming_soon', 0),
('mo-jackson', 'MO', 'Jackson', 'Jackson County, MO', 'coming_soon', 0),
('mo-jasper', 'MO', 'Jasper', 'Jasper County, MO', 'coming_soon', 0),
('mo-jefferson', 'MO', 'Jefferson', 'Jefferson County, MO', 'coming_soon', 0),
('mo-johnson', 'MO', 'Johnson', 'Johnson County, MO', 'coming_soon', 0),
('mo-knox', 'MO', 'Knox', 'Knox County, MO', 'coming_soon', 0),
('mo-laclede', 'MO', 'Laclede', 'Laclede County, MO', 'coming_soon', 0),
('mo-lafayette', 'MO', 'Lafayette', 'Lafayette County, MO', 'coming_soon', 0),
('mo-lawrence', 'MO', 'Lawrence', 'Lawrence County, MO', 'coming_soon', 0),
('mo-lewis', 'MO', 'Lewis', 'Lewis County, MO', 'coming_soon', 0),
('mo-lincoln', 'MO', 'Lincoln', 'Lincoln County, MO', 'coming_soon', 0),
('mo-linn', 'MO', 'Linn', 'Linn County, MO', 'coming_soon', 0),
('mo-livingston', 'MO', 'Livingston', 'Livingston County, MO', 'coming_soon', 0),
('mo-macon', 'MO', 'Macon', 'Macon County, MO', 'coming_soon', 0),
('mo-madison', 'MO', 'Madison', 'Madison County, MO', 'coming_soon', 0),
('mo-maries', 'MO', 'Maries', 'Maries County, MO', 'coming_soon', 0),
('mo-marion', 'MO', 'Marion', 'Marion County, MO', 'coming_soon', 0),
('mo-mcdonald', 'MO', 'McDonald', 'McDonald County, MO', 'coming_soon', 0),
('mo-mercer', 'MO', 'Mercer', 'Mercer County, MO', 'coming_soon', 0),
('mo-miller', 'MO', 'Miller', 'Miller County, MO', 'coming_soon', 0),
('mo-mississippi', 'MO', 'Mississippi', 'Mississippi County, MO', 'coming_soon', 0),
('mo-moniteau', 'MO', 'Moniteau', 'Moniteau County, MO', 'coming_soon', 0),
('mo-monroe', 'MO', 'Monroe', 'Monroe County, MO', 'coming_soon', 0),
('mo-montgomery', 'MO', 'Montgomery', 'Montgomery County, MO', 'coming_soon', 0),
('mo-morgan', 'MO', 'Morgan', 'Morgan County, MO', 'coming_soon', 0),
('mo-newmadrid', 'MO', 'New Madrid', 'New Madrid County, MO', 'coming_soon', 0),
('mo-newton', 'MO', 'Newton', 'Newton County, MO', 'coming_soon', 0),
('mo-nodaway', 'MO', 'Nodaway', 'Nodaway County, MO', 'coming_soon', 0),
('mo-oregon', 'MO', 'Oregon', 'Oregon County, MO', 'coming_soon', 0),
('mo-osage', 'MO', 'Osage', 'Osage County, MO', 'coming_soon', 0),
('mo-ozark', 'MO', 'Ozark', 'Ozark County, MO', 'coming_soon', 0),
('mo-pemiscot', 'MO', 'Pemiscot', 'Pemiscot County, MO', 'coming_soon', 0),
('mo-perry', 'MO', 'Perry', 'Perry County, MO', 'coming_soon', 0),
('mo-pettis', 'MO', 'Pettis', 'Pettis County, MO', 'coming_soon', 0),
('mo-phelps', 'MO', 'Phelps', 'Phelps County, MO', 'coming_soon', 0),
('mo-pike', 'MO', 'Pike', 'Pike County, MO', 'coming_soon', 0),
('mo-platte', 'MO', 'Platte', 'Platte County, MO', 'coming_soon', 0),
('mo-polk', 'MO', 'Polk', 'Polk County, MO', 'coming_soon', 0),
('mo-pulaski', 'MO', 'Pulaski', 'Pulaski County, MO', 'coming_soon', 0),
('mo-putnam', 'MO', 'Putnam', 'Putnam County, MO', 'coming_soon', 0),
('mo-ralls', 'MO', 'Ralls', 'Ralls County, MO', 'coming_soon', 0),
('mo-randolph', 'MO', 'Randolph', 'Randolph County, MO', 'coming_soon', 0),
('mo-ray', 'MO', 'Ray', 'Ray County, MO', 'coming_soon', 0),
('mo-reynolds', 'MO', 'Reynolds', 'Reynolds County, MO', 'coming_soon', 0),
('mo-ripley', 'MO', 'Ripley', 'Ripley County, MO', 'coming_soon', 0),
('mo-saline', 'MO', 'Saline', 'Saline County, MO', 'coming_soon', 0),
('mo-schuyler', 'MO', 'Schuyler', 'Schuyler County, MO', 'coming_soon', 0),
('mo-scotland', 'MO', 'Scotland', 'Scotland County, MO', 'coming_soon', 0),
('mo-scott', 'MO', 'Scott', 'Scott County, MO', 'coming_soon', 0),
('mo-shannon', 'MO', 'Shannon', 'Shannon County, MO', 'coming_soon', 0),
('mo-shelby', 'MO', 'Shelby', 'Shelby County, MO', 'coming_soon', 0),
('mo-stcharles', 'MO', 'St. Charles', 'St. Charles County, MO', 'coming_soon', 0),
('mo-stclair', 'MO', 'St. Clair', 'St. Clair County, MO', 'coming_soon', 0),
('mo-stfrancois', 'MO', 'St. Francois', 'St. Francois County, MO', 'coming_soon', 0),
('mo-stlouis', 'MO', 'St. Louis', 'St. Louis County, MO', 'coming_soon', 0),
('mo-stlouiscity', 'MO', 'St. Louis City', 'St. Louis City, MO', 'coming_soon', 0),
('mo-stegenevieve', 'MO', 'Ste. Genevieve', 'Ste. Genevieve County, MO', 'coming_soon', 0),
('mo-stoddard', 'MO', 'Stoddard', 'Stoddard County, MO', 'coming_soon', 0),
('mo-stone', 'MO', 'Stone', 'Stone County, MO', 'coming_soon', 0),
('mo-sullivan', 'MO', 'Sullivan', 'Sullivan County, MO', 'coming_soon', 0),
('mo-taney', 'MO', 'Taney', 'Taney County, MO', 'coming_soon', 0),
('mo-texas', 'MO', 'Texas', 'Texas County, MO', 'coming_soon', 0),
('mo-vernon', 'MO', 'Vernon', 'Vernon County, MO', 'coming_soon', 0),
('mo-warren', 'MO', 'Warren', 'Warren County, MO', 'coming_soon', 0),
('mo-washington', 'MO', 'Washington', 'Washington County, MO', 'coming_soon', 0),
('mo-wayne', 'MO', 'Wayne', 'Wayne County, MO', 'coming_soon', 0),
('mo-webster', 'MO', 'Webster', 'Webster County, MO', 'coming_soon', 0),
('mo-worth', 'MO', 'Worth', 'Worth County, MO', 'coming_soon', 0),
('mo-wright', 'MO', 'Wright', 'Wright County, MO', 'coming_soon', 0)

ON CONFLICT (jurisdiction_code) DO NOTHING;
